country_name,country_iso2,week,category,weekly_rank,show_title,season_title,cumulative_weeks_in_top_10
Japan,JP,2025-12-21,Films,1,Muroi Shinji: Stay Alive,,1
Japan,JP,2025-12-21,Films,2,10DANCE,,1
Japan,JP,2025-12-21,Films,3,The Great Flood,,1
Japan,JP,2025-12-21,Films,4,Wake Up Dead Man: A Knives Out Mystery,,2
Japan,JP,2025-12-21,Films,5,Muroi Shinji: Not Defeated,,6
Japan,JP,2025-12-21,Films,6,Anpanman: Baikinman and Lulun in the Picture Book,,1
Japan,JP,2025-12-21,Films,7,Harry Potter and the Sorcerer's Stone,,32
Japan,JP,2025-12-21,Films,8,KPop Demon Hunters,,26
Japan,JP,2025-12-21,Films,9,The Call of the Wild,,2
Japan,JP,2025-12-21,Films,10,Don't Lose Your Head!,,3
Japan,JP,2025-12-14,Films,1,Don't Lose Your Head!,,2
Japan,JP,2025-12-14,Films,2,Alpha,,1
Japan,JP,2025-12-14,Films,3,Wake Up Dead Man: A Knives Out Mystery,,1
Japan,JP,2025-12-14,Films,4,KPop Demon Hunters,,25
Japan,JP,2025-12-14,Films,5,The Roundup: Punishment,,2
Japan,JP,2025-12-14,Films,6,Muroi Shinji: Not Defeated,,5
Japan,JP,2025-12-14,Films,7,My Secret Santa,,1
Japan,JP,2025-12-14,Films,8,The Call of the Wild,,1
Japan,JP,2025-12-14,Films,9,Troll 2,,2
Japan,JP,2025-12-14,Films,10,The Blood of Wolves,,5
Japan,JP,2025-12-07,Films,1,The Roundup: Punishment,,1
Japan,JP,2025-12-07,Films,2,Troll 2,,1
Japan,JP,2025-12-07,Films,3,Winnie the Pooh: Blood and Honey,,1
Japan,JP,2025-12-07,Films,4,KPop Demon Hunters,,24
Japan,JP,2025-12-07,Films,5,Summer Wars,,5
Japan,JP,2025-12-07,Films,6,Troll,,5
Japan,JP,2025-12-07,Films,7,Don't Lose Your Head!,,1
Japan,JP,2025-12-07,Films,8,Muroi Shinji: Not Defeated,,4
Japan,JP,2025-12-07,Films,9,Winnie-the-Pooh: Blood and Honey 2,,1
Japan,JP,2025-12-07,Films,10,Jingle Bell Heist,,2
Japan,JP,2025-11-30,Films,1,Summer Wars,,4
Japan,JP,2025-11-30,Films,2,Belle,,1
Japan,JP,2025-11-30,Films,3,The Boy and the Beast,,4
Japan,JP,2025-11-30,Films,4,Muroi Shinji: Not Defeated,,3
Japan,JP,2025-11-30,Films,5,Wolf Children,,4
Japan,JP,2025-11-30,Films,6,KPop Demon Hunters,,23
Japan,JP,2025-11-30,Films,7,Jingle Bell Heist,,1
Japan,JP,2025-11-30,Films,8,My SO Has Depression,,1
Japan,JP,2025-11-30,Films,9,Mirai,,2
Japan,JP,2025-11-30,Films,10,Champagne Problems,,2
Japan,JP,2025-11-23,Films,1,Muroi Shinji: Not Defeated,,2
Japan,JP,2025-11-23,Films,2,Crows Explode,,2
Japan,JP,2025-11-23,Films,3,Crows: Episode Zero,,1
Japan,JP,2025-11-23,Films,4,Crows: Episode Zero II,,1
Japan,JP,2025-11-23,Films,5,KPop Demon Hunters,,22
Japan,JP,2025-11-23,Films,6,Champagne Problems,,1
Japan,JP,2025-11-23,Films,7,Frankenstein,,3
Japan,JP,2025-11-23,Films,8,The Voice of Sin,,5
Japan,JP,2025-11-23,Films,9,A HOUSE OF DYNAMITE,,5
Japan,JP,2025-11-23,Films,10,Dogman,,1
Japan,JP,2025-11-16,Films,1,Muroi Shinji: Not Defeated,,1
Japan,JP,2025-11-16,Films,2,Frankenstein,,2
Japan,JP,2025-11-16,Films,3,Crows Explode,,1
Japan,JP,2025-11-16,Films,4,It Takes More Than a Pretty Face To Fall in Love,,2
Japan,JP,2025-11-16,Films,5,KPop Demon Hunters,,21
Japan,JP,2025-11-16,Films,6,A HOUSE OF DYNAMITE,,4
Japan,JP,2025-11-16,Films,7,OVERLORD:The Sacred Kingdom,,3
Japan,JP,2025-11-16,Films,8,A Time to Kill,,1
Japan,JP,2025-11-16,Films,9,Partners: The Movie II,,1
Japan,JP,2025-11-16,Films,10,Jack Reacher: Never Go Back,,4
Japan,JP,2025-11-09,Films,1,OVERLORD:The Sacred Kingdom,,2
Japan,JP,2025-11-09,Films,2,A HOUSE OF DYNAMITE,,3
Japan,JP,2025-11-09,Films,3,Frankenstein,,1
Japan,JP,2025-11-09,Films,4,It Takes More Than a Pretty Face To Fall in Love,,1
Japan,JP,2025-11-09,Films,5,KPop Demon Hunters,,20
Japan,JP,2025-11-09,Films,6,5 Centimeters Per Second,,1
Japan,JP,2025-11-09,Films,7,Ghostbusters: Frozen Empire,,1
Japan,JP,2025-11-09,Films,8,All About Suomi,,4
Japan,JP,2025-11-09,Films,9,The Garden of Words,,1
Japan,JP,2025-11-09,Films,10,Jack Reacher: Never Go Back,,3
Japan,JP,2025-11-02,Films,1,A HOUSE OF DYNAMITE,,2
Japan,JP,2025-11-02,Films,2,OVERLORD:The Sacred Kingdom,,1
Japan,JP,2025-11-02,Films,3,The Elixir,,2
Japan,JP,2025-11-02,Films,4,KPop Demon Hunters,,19
Japan,JP,2025-11-02,Films,5,All About Suomi,,3
Japan,JP,2025-11-02,Films,6,Don't Say a Word,,2
Japan,JP,2025-11-02,Films,7,Good News,,3
Japan,JP,2025-11-02,Films,8,Ballad of a Small Player,,1
Japan,JP,2025-11-02,Films,9,The Woman in Cabin 10,,4
Japan,JP,2025-11-02,Films,10,Chainsaw Man â The Compilation,,8
Japan,JP,2025-10-26,Films,1,All About Suomi,,2
Japan,JP,2025-10-26,Films,2,A HOUSE OF DYNAMITE,,1
Japan,JP,2025-10-26,Films,3,The Elixir,,1
Japan,JP,2025-10-26,Films,4,Good News,,2
Japan,JP,2025-10-26,Films,5,HELL DOGS - IN THE HOUSE OF BAMBOO -,,9
Japan,JP,2025-10-26,Films,6,KPop Demon Hunters,,18
Japan,JP,2025-10-26,Films,7,The Woman in Cabin 10,,3
Japan,JP,2025-10-26,Films,8,Don't Say a Word,,1
Japan,JP,2025-10-26,Films,9,Chainsaw Man â The Compilation,,7
Japan,JP,2025-10-26,Films,10,Sin and Evil,,6
Japan,JP,2025-10-19,Films,1,All About Suomi,,1
Japan,JP,2025-10-19,Films,2,The Woman in Cabin 10,,2
Japan,JP,2025-10-19,Films,3,HELL DOGS - IN THE HOUSE OF BAMBOO -,,8
Japan,JP,2025-10-19,Films,4,KPop Demon Hunters,,17
Japan,JP,2025-10-19,Films,5,Chainsaw Man â The Compilation,,6
Japan,JP,2025-10-19,Films,6,Caramelo,,2
Japan,JP,2025-10-19,Films,7,Good News,,1
Japan,JP,2025-10-19,Films,8,Sin and Evil,,5
Japan,JP,2025-10-19,Films,9,Mantis,,4
Japan,JP,2025-10-19,Films,10,My Happy Marriage,,5
Japan,JP,2025-10-12,Films,1,Chainsaw Man â The Compilation,,5
Japan,JP,2025-10-12,Films,2,KPop Demon Hunters,,16
Japan,JP,2025-10-12,Films,3,The Woman in Cabin 10,,1
Japan,JP,2025-10-12,Films,4,Mantis,,3
Japan,JP,2025-10-12,Films,5,Sin and Evil,,4
Japan,JP,2025-10-12,Films,6,HELL DOGS - IN THE HOUSE OF BAMBOO -,,7
Japan,JP,2025-10-12,Films,7,Caramelo,,1
Japan,JP,2025-10-12,Films,8,My Happy Marriage,,4
Japan,JP,2025-10-12,Films,9,Madame Web,,2
Japan,JP,2025-10-12,Films,10,Migration,,1
Japan,JP,2025-10-05,Films,1,Mantis,,2
Japan,JP,2025-10-05,Films,2,Chainsaw Man â The Compilation,,4
Japan,JP,2025-10-05,Films,3,KPop Demon Hunters,,15
Japan,JP,2025-10-05,Films,4,Sin and Evil,,3
Japan,JP,2025-10-05,Films,5,Madame Web,,1
Japan,JP,2025-10-05,Films,6,Man on Fire,,2
Japan,JP,2025-10-05,Films,7,My Happy Marriage,,3
Japan,JP,2025-10-05,Films,8,Organ Child,,1
Japan,JP,2025-10-05,Films,9,French Lover,,1
Japan,JP,2025-10-05,Films,10,The Last Town We Saw,The Last Town We Saw: Season 1,3
Japan,JP,2025-09-28,Films,1,Sin and Evil,,2
Japan,JP,2025-09-28,Films,2,The Last Town We Saw,The Last Town We Saw: Season 1,2
Japan,JP,2025-09-28,Films,3,Chainsaw Man â The Compilation,,3
Japan,JP,2025-09-28,Films,4,My Happy Marriage,,2
Japan,JP,2025-09-28,Films,5,Mantis,,1
Japan,JP,2025-09-28,Films,6,KPop Demon Hunters,,14
Japan,JP,2025-09-28,Films,7,Man on Fire,,1
Japan,JP,2025-09-28,Films,8,Seventh Son,,3
Japan,JP,2025-09-28,Films,9,Black Crow 1,,3
Japan,JP,2025-09-28,Films,10,Black Crow 2,,2
Japan,JP,2025-09-21,Films,1,Chainsaw Man â The Compilation,,2
Japan,JP,2025-09-21,Films,2,My Happy Marriage,,1
Japan,JP,2025-09-21,Films,3,Sin and Evil,,1
Japan,JP,2025-09-21,Films,4,Black Crow 1,,2
Japan,JP,2025-09-21,Films,5,KPop Demon Hunters,,13
Japan,JP,2025-09-21,Films,6,The Last Town We Saw,The Last Town We Saw: Season 1,1
Japan,JP,2025-09-21,Films,7,Black Crow 2,,1
Japan,JP,2025-09-21,Films,8,Black Crow3,,2
Japan,JP,2025-09-21,Films,9,Black Crow0,,2
Japan,JP,2025-09-21,Films,10,Mafia Mamma,,1
Japan,JP,2025-09-14,Films,1,Chainsaw Man â The Compilation,,1
Japan,JP,2025-09-14,Films,2,KPop Demon Hunters,,12
Japan,JP,2025-09-14,Films,3,Honeko Akabaneâs Bodyguards,,2
Japan,JP,2025-09-14,Films,4,Hey Handsome!! The Movie,,2
Japan,JP,2025-09-14,Films,5,Love Untangled,,3
Japan,JP,2025-09-14,Films,6,Black Crow 1,,1
Japan,JP,2025-09-14,Films,7,Black Crow0,,1
Japan,JP,2025-09-14,Films,8,City Hunter,,8
Japan,JP,2025-09-14,Films,9,Black Crow3,,1
Japan,JP,2025-09-14,Films,10,The Thursday Murder Club,,3
Japan,JP,2025-09-07,Films,1,Honeko Akabaneâs Bodyguards,,1
Japan,JP,2025-09-07,Films,2,Hey Handsome!! The Movie,,1
Japan,JP,2025-09-07,Films,3,Love Untangled,,2
Japan,JP,2025-09-07,Films,4,KPop Demon Hunters,,11
Japan,JP,2025-09-07,Films,5,The Thursday Murder Club,,2
Japan,JP,2025-09-07,Films,6,Five Nights at Freddy's,,1
Japan,JP,2025-09-07,Films,7,Tokyo MER: Mobile Emergency Room - The Movie,,7
Japan,JP,2025-09-07,Films,8,PAW Patrol: The Mighty Movie,,4
Japan,JP,2025-09-07,Films,9,Hokusai,,1
Japan,JP,2025-09-07,Films,10,Fast & Furious Presents: Hobbs & Shaw,,6
Japan,JP,2025-08-31,Films,1,KPop Demon Hunters,,10
Japan,JP,2025-08-31,Films,2,The Thursday Murder Club,,1
Japan,JP,2025-08-31,Films,3,Ya Boy Kongming! The Movie,,1
Japan,JP,2025-08-31,Films,4,Love Untangled,,1
Japan,JP,2025-08-31,Films,5,Revolver Lily,,3
Japan,JP,2025-08-31,Films,6,PAW Patrol: The Mighty Movie,,3
Japan,JP,2025-08-31,Films,7,Tokyo MER: Mobile Emergency Room - The Movie,,6
Japan,JP,2025-08-31,Films,8,Crayon Shin-chan the Movie: Our Dinosaur Diary,,5
Japan,JP,2025-08-31,Films,9,Fall for Me,,1
Japan,JP,2025-08-31,Films,10,The Art of Racing in the Rain,,1
Japan,JP,2025-08-24,Films,1,Revolver Lily,,2
Japan,JP,2025-08-24,Films,2,KPop Demon Hunters,,9
Japan,JP,2025-08-24,Films,3,PAW Patrol: The Mighty Movie,,2
Japan,JP,2025-08-24,Films,4,Crayon Shin-chan the Movie: Our Dinosaur Diary,,4
Japan,JP,2025-08-24,Films,5,Tokyo MER: Mobile Emergency Room - The Movie,,5
Japan,JP,2025-08-24,Films,6,Run For Money The Movie,,1
Japan,JP,2025-08-24,Films,7,Taxi,,1
Japan,JP,2025-08-24,Films,8,Inside,,1
Japan,JP,2025-08-24,Films,9,Grave of the Fireflies,,4
Japan,JP,2025-08-24,Films,10,Welcome to Sudden Death,,1
Japan,JP,2025-08-17,Films,1,Revolver Lily,,1
Japan,JP,2025-08-17,Films,2,Crayon Shin-chan the Movie: Our Dinosaur Diary,,3
Japan,JP,2025-08-17,Films,3,Tokyo MER: Mobile Emergency Room - The Movie,,4
Japan,JP,2025-08-17,Films,4,KPop Demon Hunters,,8
Japan,JP,2025-08-17,Films,5,PAW Patrol: The Mighty Movie,,1
Japan,JP,2025-08-17,Films,6,Grave of the Fireflies,,3
Japan,JP,2025-08-17,Films,7,My Hero Academia: You're Next,,3
Japan,JP,2025-08-17,Films,8,Elektra,,1
Japan,JP,2025-08-17,Films,9,Shin Jigen! Crayon Shin-chan the Movie,,2
Japan,JP,2025-08-17,Films,10,Mononoke The Movie: Chapter II - The Ashes of Rage,,1
Japan,JP,2025-08-10,Films,1,Crayon Shin-chan the Movie: Our Dinosaur Diary,,2
Japan,JP,2025-08-10,Films,2,Shin Jigen! Crayon Shin-chan the Movie,,1
Japan,JP,2025-08-10,Films,3,My Hero Academia: You're Next,,2
Japan,JP,2025-08-10,Films,4,Tokyo MER: Mobile Emergency Room - The Movie,,3
Japan,JP,2025-08-10,Films,5,KPop Demon Hunters,,7
Japan,JP,2025-08-10,Films,6,My Oxford Year,,1
Japan,JP,2025-08-10,Films,7,Demon Slayer -Kimetsu no Yaiba- The Movie: Mugen Train,,6
Japan,JP,2025-08-10,Films,8,Tang,,1
Japan,JP,2025-08-10,Films,9,Dolittle,,2
Japan,JP,2025-08-10,Films,10,Godzilla x Kong: The New Empire,,3
Japan,JP,2025-08-03,Films,1,Tokyo MER: Mobile Emergency Room - The Movie,,2
Japan,JP,2025-08-03,Films,2,Godzilla x Kong: The New Empire,,2
Japan,JP,2025-08-03,Films,3,Flightplan,,1
Japan,JP,2025-08-03,Films,4,KPop Demon Hunters,,6
Japan,JP,2025-08-03,Films,5,Demon Slayer -Kimetsu no Yaiba- The Movie: Mugen Train,,5
Japan,JP,2025-08-03,Films,6,Wall to Wall,,3
Japan,JP,2025-08-03,Films,7,My Hero Academia: You're Next,,1
Japan,JP,2025-08-03,Films,8,Crayon Shin-chan the Movie: Our Dinosaur Diary,,1
Japan,JP,2025-08-03,Films,9,Kingdom: Return of The Great General,,4
Japan,JP,2025-08-03,Films,10,Happy Gilmore 2,,1
Japan,JP,2025-07-27,Films,1,Wall to Wall,,2
Japan,JP,2025-07-27,Films,2,Tokyo MER: Mobile Emergency Room - The Movie,,1
Japan,JP,2025-07-27,Films,3,Godzilla x Kong: The New Empire,,1
Japan,JP,2025-07-27,Films,4,KPop Demon Hunters,,5
Japan,JP,2025-07-27,Films,5,Kingdom: Return of The Great General,,3
Japan,JP,2025-07-27,Films,6,Demon Slayer -Kimetsu no Yaiba- The Movie: Mugen Train,,4
Japan,JP,2025-07-27,Films,7,Grave of the Fireflies,,2
Japan,JP,2025-07-27,Films,8,Brick,,3
Japan,JP,2025-07-27,Films,9,Ghost Cat Anzu,,1
Japan,JP,2025-07-27,Films,10,Cells At Work!,,7
Japan,JP,2025-07-20,Films,1,Kingdom: Return of The Great General,,2
Japan,JP,2025-07-20,Films,2,Grave of the Fireflies,,1
Japan,JP,2025-07-20,Films,3,Wall to Wall,,1
Japan,JP,2025-07-20,Films,4,Brick,,2
Japan,JP,2025-07-20,Films,5,The Expendables 4,,2
Japan,JP,2025-07-20,Films,6,KPop Demon Hunters,,4
Japan,JP,2025-07-20,Films,7,Almost Cops,,1
Japan,JP,2025-07-20,Films,8,Cells At Work!,,6
Japan,JP,2025-07-20,Films,9,The Old Guard 2,,3
Japan,JP,2025-07-20,Films,10,Demon Slayer -Kimetsu no Yaiba- The Movie: Mugen Train,,3
Japan,JP,2025-07-13,Films,1,Kingdom: Return of The Great General,,1
Japan,JP,2025-07-13,Films,2,The Expendables 4,,1
Japan,JP,2025-07-13,Films,3,The Old Guard 2,,2
Japan,JP,2025-07-13,Films,4,Brick,,1
Japan,JP,2025-07-13,Films,5,Ziam,,1
Japan,JP,2025-07-13,Films,6,The Old Guard,,2
Japan,JP,2025-07-13,Films,7,KPop Demon Hunters,,3
Japan,JP,2025-07-13,Films,8,Cells At Work!,,5
Japan,JP,2025-07-13,Films,9,Paw Patrol: The Movie,,6
Japan,JP,2025-07-13,Films,10,Demon Slayer -Kimetsu no Yaiba- The Movie: Mugen Train,,2
Japan,JP,2025-07-06,Films,1,The Old Guard 2,,1
Japan,JP,2025-07-06,Films,2,The Old Guard,,1
Japan,JP,2025-07-06,Films,3,Cells At Work!,,4
Japan,JP,2025-07-06,Films,4,Demon Slayer -Kimetsu no Yaiba- The Movie: Mugen Train,,1
Japan,JP,2025-07-06,Films,5,KPop Demon Hunters,,2
Japan,JP,2025-07-06,Films,6,Paw Patrol: The Movie,,5
Japan,JP,2025-07-06,Films,7,99.9 Criminal Lawyer: The Movie,,7
Japan,JP,2025-07-06,Films,8,Bullet Train Explosion,,11
Japan,JP,2025-07-06,Films,9,The Suspect: Muroi Shinji,,1
Japan,JP,2025-07-06,Films,10,28 Weeks Later,,3
Japan,JP,2025-06-29,Films,1,Cells At Work!,,3
Japan,JP,2025-06-29,Films,2,KPop Demon Hunters,,1
Japan,JP,2025-06-29,Films,3,28 Weeks Later,,2
Japan,JP,2025-06-29,Films,4,99.9 Criminal Lawyer: The Movie,,6
Japan,JP,2025-06-29,Films,5,The Exorcist: Believer,,1
Japan,JP,2025-06-29,Films,6,Bullet Train Explosion,,10
Japan,JP,2025-06-29,Films,7,Judge!,,1
Japan,JP,2025-06-29,Films,8,Sniper: G.R.I.T. - Global Response & Intelligence Team,,1
Japan,JP,2025-06-29,Films,9,The Super Mario Bros. Movie,,9
Japan,JP,2025-06-29,Films,10,The Fate of the Furious,,3
Japan,JP,2025-06-22,Films,1,Cells At Work!,,2
Japan,JP,2025-06-22,Films,2,28 Weeks Later,,1
Japan,JP,2025-06-22,Films,3,99.9 Criminal Lawyer: The Movie,,5
Japan,JP,2025-06-22,Films,4,Bullet Train Explosion,,9
Japan,JP,2025-06-22,Films,5,K.O.,,3
Japan,JP,2025-06-22,Films,6,STRAW,,2
Japan,JP,2025-06-22,Films,7,Bewitched,,1
Japan,JP,2025-06-22,Films,8,Mission: Impossible - Dead Reckoning,,11
Japan,JP,2025-06-22,Films,9,The Super Mario Bros. Movie,,8
Japan,JP,2025-06-22,Films,10,Copycat,,1
Japan,JP,2025-06-15,Films,1,Cells At Work!,,1
Japan,JP,2025-06-15,Films,2,K.O.,,2
Japan,JP,2025-06-15,Films,3,STRAW,,1
Japan,JP,2025-06-15,Films,4,Bullet Train Explosion,,8
Japan,JP,2025-06-15,Films,5,Beetlejuice Beetlejuice,,1
Japan,JP,2025-06-15,Films,6,Strays,,1
Japan,JP,2025-06-15,Films,7,Mission: Impossible - Dead Reckoning,,10
Japan,JP,2025-06-15,Films,8,Titan: The OceanGate Submersible Disaster,,1
Japan,JP,2025-06-15,Films,9,The Super Mario Bros. Movie,,7
Japan,JP,2025-06-15,Films,10,99.9 Criminal Lawyer: The Movie,,4
Japan,JP,2025-06-08,Films,1,Bullet Train Explosion,,7
Japan,JP,2025-06-08,Films,2,Mission: Impossible - Dead Reckoning,,9
Japan,JP,2025-06-08,Films,3,Phases of the Moon,,2
Japan,JP,2025-06-08,Films,4,K.O.,,1
Japan,JP,2025-06-08,Films,5,Detective Conan: The Million-Dollar Pentagram,,8
Japan,JP,2025-06-08,Films,6,Road to King Side Story Yamazaki Group Joji and His Cheerful Friends,,1
Japan,JP,2025-06-08,Films,7,Sunset Sunrise,,4
Japan,JP,2025-06-08,Films,8,The Super Mario Bros. Movie,,6
Japan,JP,2025-06-08,Films,9,The Equalizer 3,,5
Japan,JP,2025-06-08,Films,10,A Widow's Game,,1
Japan,JP,2025-06-01,Films,1,Phases of the Moon,,1
Japan,JP,2025-06-01,Films,2,Mission: Impossible - Dead Reckoning,,8
Japan,JP,2025-06-01,Films,3,Bullet Train Explosion,,6
Japan,JP,2025-06-01,Films,4,Sunset Sunrise,,3
Japan,JP,2025-06-01,Films,5,The Wrath of Becky,,1
Japan,JP,2025-06-01,Films,6,Detective Conan: The Million-Dollar Pentagram,,7
Japan,JP,2025-06-01,Films,7,The Equalizer 3,,4
Japan,JP,2025-06-01,Films,8,Fear Street: Prom Queen,,2
Japan,JP,2025-06-01,Films,9,The Equalizer,,3
Japan,JP,2025-06-01,Films,10,The Equalizer 2,,5
Japan,JP,2025-05-25,Films,1,Sunset Sunrise,,2
Japan,JP,2025-05-25,Films,2,Bullet Train Explosion,,5
Japan,JP,2025-05-25,Films,3,Mission: Impossible - Dead Reckoning,,7
Japan,JP,2025-05-25,Films,4,The Equalizer 3,,3
Japan,JP,2025-05-25,Films,5,Detective Conan: The Million-Dollar Pentagram,,6
Japan,JP,2025-05-25,Films,6,The Equalizer,,2
Japan,JP,2025-05-25,Films,7,The Equalizer 2,,4
Japan,JP,2025-05-25,Films,8,Exterritorial,,4
Japan,JP,2025-05-25,Films,9,Fear Street: Prom Queen,,1
Japan,JP,2025-05-25,Films,10,Detective Conan the Movie: Black Iron Submarine,,13
Japan,JP,2025-05-18,Films,1,Bullet Train Explosion,,4
Japan,JP,2025-05-18,Films,2,The Equalizer 3,,2
Japan,JP,2025-05-18,Films,3,Detective Conan: The Million-Dollar Pentagram,,5
Japan,JP,2025-05-18,Films,4,Sunset Sunrise,,1
Japan,JP,2025-05-18,Films,5,The Equalizer,,1
Japan,JP,2025-05-18,Films,6,Mission: Impossible - Dead Reckoning,,6
Japan,JP,2025-05-18,Films,7,The Equalizer 2,,3
Japan,JP,2025-05-18,Films,8,Exterritorial,,3
Japan,JP,2025-05-18,Films,9,Detective Conan the Movie: The Bride of Halloween,,8
Japan,JP,2025-05-18,Films,10,Detective Conan the Movie: The Scarlet Bullet,,5
Japan,JP,2025-05-11,Films,1,Bullet Train Explosion,,3
Japan,JP,2025-05-11,Films,2,Exterritorial,,2
Japan,JP,2025-05-11,Films,3,Detective Conan: The Million-Dollar Pentagram,,4
Japan,JP,2025-05-11,Films,4,Inside Man: Most Wanted,,1
Japan,JP,2025-05-11,Films,5,The Equalizer 3,,1
Japan,JP,2025-05-11,Films,6,The Match,,1
Japan,JP,2025-05-11,Films,7,Detective Conan the Movie: The Bride of Halloween,,7
Japan,JP,2025-05-11,Films,8,Last Bullet,,1
Japan,JP,2025-05-11,Films,9,The Light of a Firefly Forest,,2
Japan,JP,2025-05-11,Films,10,Detective Conan the Movie: Black Iron Submarine,,12
Japan,JP,2025-05-04,Films,1,Bullet Train Explosion,,2
Japan,JP,2025-05-04,Films,2,Detective Conan: The Million-Dollar Pentagram,,3
Japan,JP,2025-05-04,Films,3,Exterritorial,,1
Japan,JP,2025-05-04,Films,4,The Rose of Versailles,,1
Japan,JP,2025-05-04,Films,5,Havoc,,2
Japan,JP,2025-05-04,Films,6,Detective Conan the Movie: The Bride of Halloween,,6
Japan,JP,2025-05-04,Films,7,Detective Conan the Movie: Black Iron Submarine,,11
Japan,JP,2025-05-04,Films,8,Detective Conan the Movie: The Fist of Blue Sapphire,,3
Japan,JP,2025-05-04,Films,9,Detective Conan the Movie: The Lost Ship in the Sky,,4
Japan,JP,2025-05-04,Films,10,The Light of a Firefly Forest,,1
Japan,JP,2025-04-27,Films,1,Bullet Train Explosion,,1
Japan,JP,2025-04-27,Films,2,Detective Conan: The Million-Dollar Pentagram,,2
Japan,JP,2025-04-27,Films,3,Detective Conan the Movie: The Fist of Blue Sapphire,,2
Japan,JP,2025-04-27,Films,4,iHostage,,1
Japan,JP,2025-04-27,Films,5,Detective Conan : The Private Eyes' Requiem,,3
Japan,JP,2025-04-27,Films,6,Detective Conan the Movie: The Lost Ship in the Sky,,3
Japan,JP,2025-04-27,Films,7,Detective Conan the Movie: Sunflowers of Inferno,,3
Japan,JP,2025-04-27,Films,8,Detective Conan the Movie: Eleventh Striker,,3
Japan,JP,2025-04-27,Films,9,Havoc,,1
Japan,JP,2025-04-27,Films,10,Detective Conan the Movie: Black Iron Submarine,,10
Japan,JP,2025-04-20,Films,1,Detective Conan: The Million-Dollar Pentagram,,1
Japan,JP,2025-04-20,Films,2,Detective Conan the Movie: The Scarlet Bullet,,4
Japan,JP,2025-04-20,Films,3,Silence of the Sea,,1
Japan,JP,2025-04-20,Films,4,Detective Conan the Movie: Dimensional Sniper,,3
Japan,JP,2025-04-20,Films,5,Detective Conan the Movie: Quarter of Silence,,3
Japan,JP,2025-04-20,Films,6,Twisters,,1
Japan,JP,2025-04-20,Films,7,Detective Conan the Movie: The Crimson Love Letter,,5
Japan,JP,2025-04-20,Films,8,Detective Conan the Movie: Private Eye in the Distant Sea,,3
Japan,JP,2025-04-20,Films,9,Detective Conan the Movie: The Phantom of Baker Street,,3
Japan,JP,2025-04-20,Films,10,Detective Conan the Movie: Jolly Roger in the Deep Azure,,3
Japan,JP,2025-04-13,Films,1,Detective Conan the Movie: The Bride of Halloween,,5
Japan,JP,2025-04-13,Films,2,Detective Conan the Movie: Crossroad in the Ancient Capital,,3
Japan,JP,2025-04-13,Films,3,Detective Conan: The Story of Ai Haibara: Black Iron Mystery Train,,3
Japan,JP,2025-04-13,Films,4,Detective Conan the Movie: Captured in Her Eyes,,1
Japan,JP,2025-04-13,Films,5,In an Isolated Cottage on a Snowy Mountain,,1
Japan,JP,2025-04-13,Films,6,Detective Conan the Movie: The Fourteenth Target,,1
Japan,JP,2025-04-13,Films,7,Detective Conan the Movie: Black Iron Submarine,,9
Japan,JP,2025-04-13,Films,8,Detective Conan the Movie: The Scarlet Bullet,,3
Japan,JP,2025-04-13,Films,9,Golden Kamuy,,5
Japan,JP,2025-04-13,Films,10,Detective Conan the Movie: The Crimson Love Letter,,4
Japan,JP,2025-04-06,Films,1,Detective Conan the Movie: Black Iron Submarine,,8
Japan,JP,2025-04-06,Films,2,Detective Conan the  Movie: Zero the Enforcer,,5
Japan,JP,2025-04-06,Films,3,Detective Conan the Movie: Raven Chaser,,5
Japan,JP,2025-04-06,Films,4,Detective Conan the Movie: The Bride of Halloween,,4
Japan,JP,2025-04-06,Films,5,Detective Conan the Movie: The Darkest Nightmare,,4
Japan,JP,2025-04-06,Films,6,Perfect Blue,,1
Japan,JP,2025-04-06,Films,7,Revelations,,3
Japan,JP,2025-04-06,Films,8,The Life List,,1
Japan,JP,2025-04-06,Films,9,The Last Voyage of the Demeter,,1
Japan,JP,2025-04-06,Films,10,Detective Conan the Movie: The Time-Bombed Skyscraper,,2
Japan,JP,2025-03-30,Films,1,Detective Conan the Movie: Black Iron Submarine,,7
Japan,JP,2025-03-30,Films,2,Detective Conan the  Movie: Zero the Enforcer,,4
Japan,JP,2025-03-30,Films,3,Revelations,,2
Japan,JP,2025-03-30,Films,4,Detective Conan the Movie: Raven Chaser,,4
Japan,JP,2025-03-30,Films,5,Lovesick Ellie,,2
Japan,JP,2025-03-30,Films,6,Living in Two Worlds,,2
Japan,JP,2025-03-30,Films,7,Detective Conan the Movie: The Darkest Nightmare,,3
Japan,JP,2025-03-30,Films,8,Yudo,,1
Japan,JP,2025-03-30,Films,9,Faceless,,9
Japan,JP,2025-03-30,Films,10,Detective Conan the Movie: The Time-Bombed Skyscraper,,1
Japan,JP,2025-03-23,Films,1,Lovesick Ellie,,1
Japan,JP,2025-03-23,Films,2,The Electric State,,2
Japan,JP,2025-03-23,Films,3,Faceless,,8
Japan,JP,2025-03-23,Films,4,Detective Conan the Movie: Black Iron Submarine,,6
Japan,JP,2025-03-23,Films,5,Revelations,,1
Japan,JP,2025-03-23,Films,6,Living in Two Worlds,,1
Japan,JP,2025-03-23,Films,7,Demon City,,4
Japan,JP,2025-03-23,Films,8,Haikyu!!: The Dumpster Battle,,3
Japan,JP,2025-03-23,Films,9,The Super Mario Bros. Movie,,5
Japan,JP,2025-03-23,Films,10,Detective Conan the  Movie: Zero the Enforcer,,3
Japan,JP,2025-03-16,Films,1,Haikyu!!: The Dumpster Battle,,2
Japan,JP,2025-03-16,Films,2,Demon City,,3
Japan,JP,2025-03-16,Films,3,Faceless,,7
Japan,JP,2025-03-16,Films,4,Doraemon The Movie: Nobita's Sky Utopia,,2
Japan,JP,2025-03-16,Films,5,Ichiko,,1
Japan,JP,2025-03-16,Films,6,The Electric State,,1
Japan,JP,2025-03-16,Films,7,11 Rebels,,3
Japan,JP,2025-03-16,Films,8,The Super Mario Bros. Movie,,4
Japan,JP,2025-03-16,Films,9,Everything Will be Owlright!,,1
Japan,JP,2025-03-16,Films,10,Plankton: The Movie,,1
Japan,JP,2025-03-09,Films,1,Haikyu!!: The Dumpster Battle,,1
Japan,JP,2025-03-09,Films,2,Demon City,,2
Japan,JP,2025-03-09,Films,3,11 Rebels,,2
Japan,JP,2025-03-09,Films,4,Doraemon The Movie: Nobita's Sky Utopia,,1
Japan,JP,2025-03-09,Films,5,The Super Mario Bros. Movie,,3
Japan,JP,2025-03-09,Films,6,Home Sweet Home,,3
Japan,JP,2025-03-09,Films,7,Counterattack,,1
Japan,JP,2025-03-09,Films,8,Squad 36,,1
Japan,JP,2025-03-09,Films,9,Silent Love,,2
Japan,JP,2025-03-09,Films,10,Faceless,,6
Japan,JP,2025-03-02,Films,1,Demon City,,1
Japan,JP,2025-03-02,Films,2,The Super Mario Bros. Movie,,2
Japan,JP,2025-03-02,Films,3,Home Sweet Home,,2
Japan,JP,2025-03-02,Films,4,Furiosa: A Mad Max Saga,,2
Japan,JP,2025-03-02,Films,5,Silent Love,,1
Japan,JP,2025-03-02,Films,6,Do Unto Others,,3
Japan,JP,2025-03-02,Films,7,11 Rebels,,1
Japan,JP,2025-03-02,Films,8,Death Row Family,,2
Japan,JP,2025-03-02,Films,9,Faceless,,5
Japan,JP,2025-03-02,Films,10,Despicable Me 3,,1
Japan,JP,2025-02-23,Films,1,Do Unto Others,,2
Japan,JP,2025-02-23,Films,2,The Super Mario Bros. Movie,,1
Japan,JP,2025-02-23,Films,3,Faceless,,4
Japan,JP,2025-02-23,Films,4,Death Row Family,,1
Japan,JP,2025-02-23,Films,5,Home Sweet Home,,1
Japan,JP,2025-02-23,Films,6,The Pope's Exorcist,,1
Japan,JP,2025-02-23,Films,7,City Hunter The Movie: Angel Dust,,2
Japan,JP,2025-02-23,Films,8,Ichikei's Crow: The Movie,,2
Japan,JP,2025-02-23,Films,9,Egoist,,2
Japan,JP,2025-02-23,Films,10,Furiosa: A Mad Max Saga,,1
Japan,JP,2025-02-16,Films,1,Faceless,,3
Japan,JP,2025-02-16,Films,2,BogotÃ¡: City of the Lost,,2
Japan,JP,2025-02-16,Films,3,Do Unto Others,,1
Japan,JP,2025-02-16,Films,4,City Hunter The Movie: Angel Dust,,1
Japan,JP,2025-02-16,Films,5,Ichikei's Crow: The Movie,,1
Japan,JP,2025-02-16,Films,6,Back in Action,,5
Japan,JP,2025-02-16,Films,7,Kinda Pregnant,,2
Japan,JP,2025-02-16,Films,8,Shrek,,2
Japan,JP,2025-02-16,Films,9,Egoist,,1
Japan,JP,2025-02-16,Films,10,Fictitious Girl's Diary The Movie,,5
Japan,JP,2025-02-09,Films,1,Faceless,,2
Japan,JP,2025-02-09,Films,2,BogotÃ¡: City of the Lost,,1
Japan,JP,2025-02-09,Films,3,Back in Action,,4
Japan,JP,2025-02-09,Films,4,Love You as the World Ends Final The Movie,,3
Japan,JP,2025-02-09,Films,5,Kinda Pregnant,,1
Japan,JP,2025-02-09,Films,6,Fictitious Girl's Diary The Movie,,4
Japan,JP,2025-02-09,Films,7,Anpanman: Nyani from the Country of Dreamcat,,3
Japan,JP,2025-02-09,Films,8,Harry Potter and the Sorcerer's Stone,,31
Japan,JP,2025-02-09,Films,9,The Sentinel,,2
Japan,JP,2025-02-09,Films,10,Shrek,,1
Japan,JP,2025-02-02,Films,1,Faceless,,1
Japan,JP,2025-02-02,Films,2,Love You as the World Ends Final The Movie,,2
Japan,JP,2025-02-02,Films,3,Back in Action,,3
Japan,JP,2025-02-02,Films,4,The Sentinel,,1
Japan,JP,2025-02-02,Films,5,Breaking,,1
Japan,JP,2025-02-02,Films,6,Anpanman: Nyani from the Country of Dreamcat,,2
Japan,JP,2025-02-02,Films,7,Harry Potter and the Sorcerer's Stone,,30
Japan,JP,2025-02-02,Films,8,Tokyo Revengers 2: Bloody Halloween - Decisive Battle,,4
Japan,JP,2025-02-02,Films,9,The Secret Life of Pets 2,,7
Japan,JP,2025-02-02,Films,10,Harry Potter and the Deathly Hallows: Part 2,,6
Japan,JP,2025-01-26,Films,1,Back in Action,,2
Japan,JP,2025-01-26,Films,2,Dr. Coto's Clinic 2022,,2
Japan,JP,2025-01-26,Films,3,Ad Vitam,,3
Japan,JP,2025-01-26,Films,4,Tokyo Revengers 2: Bloody Halloween - Decisive Battle,,3
Japan,JP,2025-01-26,Films,5,The Secret Life of Pets 2,,6
Japan,JP,2025-01-26,Films,6,Love You as the World Ends Final The Movie,,1
Japan,JP,2025-01-26,Films,7,Emily the Criminal,,2
Japan,JP,2025-01-26,Films,8,Anpanman: Nyani from the Country of Dreamcat,,1
Japan,JP,2025-01-26,Films,9,Knight and Day,,3
Japan,JP,2025-01-26,Films,10,Spy x Family Code: White,,6
Japan,JP,2025-01-19,Films,1,Back in Action,,1
Japan,JP,2025-01-19,Films,2,Ad Vitam,,2
Japan,JP,2025-01-19,Films,3,Men in Black: International,,2
Japan,JP,2025-01-19,Films,4,Emily the Criminal,,1
Japan,JP,2025-01-19,Films,5,The Secret Life of Pets 2,,5
Japan,JP,2025-01-19,Films,6,Spy x Family Code: White,,5
Japan,JP,2025-01-19,Films,7,Ma,,3
Japan,JP,2025-01-19,Films,8,Dr. Coto's Clinic 2022,,1
Japan,JP,2025-01-19,Films,9,Lakeview Terrace,,1
Japan,JP,2025-01-19,Films,10,Men in Black,,1
Japan,JP,2025-01-12,Films,1,Men in Black: International,,1
Japan,JP,2025-01-12,Films,2,Spy x Family Code: White,,4
Japan,JP,2025-01-12,Films,3,The Secret Life of Pets 2,,4
Japan,JP,2025-01-12,Films,4,Don't Call it Mystery: The Movie,,11
Japan,JP,2025-01-12,Films,5,Ad Vitam,,1
Japan,JP,2025-01-12,Films,6,Ma,,2
Japan,JP,2025-01-12,Films,7,Carry-On,,5
Japan,JP,2025-01-12,Films,8,Fast X,,3
Japan,JP,2025-01-12,Films,9,Fly Me to the Saitama: From Biwa Lake With Love,,3
Japan,JP,2025-01-12,Films,10,The Woman King,,1
Japan,JP,2025-01-05,Films,1,Spy x Family Code: White,,3
Japan,JP,2025-01-05,Films,2,M3GAN,,1
Japan,JP,2025-01-05,Films,3,Fast X,,2
Japan,JP,2025-01-05,Films,4,Carry-On,,4
Japan,JP,2025-01-05,Films,5,Fly Me to the Saitama: From Biwa Lake With Love,,2
Japan,JP,2025-01-05,Films,6,Don't Call it Mystery: The Movie,,10
Japan,JP,2025-01-05,Films,7,The Confidence Man JP - Episode of the Hero -,,6
Japan,JP,2025-01-05,Films,8,THE CONFIDENCE MAN JPï¼The Movie-,,3
Japan,JP,2025-01-05,Films,9,Secret: A Hidden Score,,1
Japan,JP,2025-01-05,Films,10,65,,2
South Korea,KR,2025-12-21,Films,1,The Great Flood,,1
South Korea,KR,2025-12-21,Films,2,Murder Report,,2
South Korea,KR,2025-12-21,Films,3,Wake Up Dead Man: A Knives Out Mystery,,2
South Korea,KR,2025-12-21,Films,4,Omniscient Reader: The Prophecy,,3
South Korea,KR,2025-12-21,Films,5,Only God knows Everything,,2
South Korea,KR,2025-12-21,Films,6,The Call of the Wild,,2
South Korea,KR,2025-12-21,Films,7,Pretty Crazy,,4
South Korea,KR,2025-12-21,Films,8,Canola,,2
South Korea,KR,2025-12-21,Films,9,KPop Demon Hunters,,27
South Korea,KR,2025-12-21,Films,10,Labor Day,,2
South Korea,KR,2025-12-14,Films,1,Murder Report,,1
South Korea,KR,2025-12-14,Films,2,Omniscient Reader: The Prophecy,,2
South Korea,KR,2025-12-14,Films,3,Only God knows Everything,,1
South Korea,KR,2025-12-14,Films,4,Wake Up Dead Man: A Knives Out Mystery,,1
South Korea,KR,2025-12-14,Films,5,Pretty Crazy,,3
South Korea,KR,2025-12-14,Films,6,Troll 2,,2
South Korea,KR,2025-12-14,Films,7,Canola,,1
South Korea,KR,2025-12-14,Films,8,The Call of the Wild,,1
South Korea,KR,2025-12-14,Films,9,KPop Demon Hunters,,26
South Korea,KR,2025-12-14,Films,10,Troll,,6
South Korea,KR,2025-12-07,Films,1,Omniscient Reader: The Prophecy,,1
South Korea,KR,2025-12-07,Films,2,Pretty Crazy,,2
South Korea,KR,2025-12-07,Films,3,Troll 2,,1
South Korea,KR,2025-12-07,Films,4,Chainsaw Man â The Compilation,,1
South Korea,KR,2025-12-07,Films,5,Crayon Shin-chan the Movie: Our Dinosaur Diary,,1
South Korea,KR,2025-12-07,Films,6,KPop Demon Hunters,,25
South Korea,KR,2025-12-07,Films,7,Troll,,5
South Korea,KR,2025-12-07,Films,8,Commission,,3
South Korea,KR,2025-12-07,Films,9,G.I. Joe: Retaliation,,3
South Korea,KR,2025-12-07,Films,10,Frankenstein,,5
South Korea,KR,2025-11-30,Films,1,Pretty Crazy,,1
South Korea,KR,2025-11-30,Films,2,Commission,,2
South Korea,KR,2025-11-30,Films,3,Paradise,,2
South Korea,KR,2025-11-30,Films,4,KPop Demon Hunters,,24
South Korea,KR,2025-11-30,Films,5,Frankenstein,,4
South Korea,KR,2025-11-30,Films,6,Champagne Problems,,2
South Korea,KR,2025-11-30,Films,7,You Are the Apple of My Eye,,1
South Korea,KR,2025-11-30,Films,8,Fabricated City,,4
South Korea,KR,2025-11-30,Films,9,Train Dreams,,1
South Korea,KR,2025-11-30,Films,10,Good News,,7
South Korea,KR,2025-11-23,Films,1,Paradise,,1
South Korea,KR,2025-11-23,Films,2,Frankenstein,,3
South Korea,KR,2025-11-23,Films,3,Fabricated City,,3
South Korea,KR,2025-11-23,Films,4,Commission,,1
South Korea,KR,2025-11-23,Films,5,KPop Demon Hunters,,23
South Korea,KR,2025-11-23,Films,6,Now You See Me 2,,2
South Korea,KR,2025-11-23,Films,7,Good News,,6
South Korea,KR,2025-11-23,Films,8,In Your Dreams,,1
South Korea,KR,2025-11-23,Films,9,A HOUSE OF DYNAMITE,,5
South Korea,KR,2025-11-23,Films,10,Champagne Problems,,1
South Korea,KR,2025-11-16,Films,1,Frankenstein,,2
South Korea,KR,2025-11-16,Films,2,Fabricated City,,2
South Korea,KR,2025-11-16,Films,3,KPop Demon Hunters,,22
South Korea,KR,2025-11-16,Films,4,Good News,,5
South Korea,KR,2025-11-16,Films,5,A HOUSE OF DYNAMITE,,4
South Korea,KR,2025-11-16,Films,6,A Time to Kill,,1
South Korea,KR,2025-11-16,Films,7,Materialists,,1
South Korea,KR,2025-11-16,Films,8,Mantis,,8
South Korea,KR,2025-11-16,Films,9,Now You See Me 2,,1
South Korea,KR,2025-11-16,Films,10,The Killers,,3
South Korea,KR,2025-11-09,Films,1,Frankenstein,,1
South Korea,KR,2025-11-09,Films,2,Good News,,4
South Korea,KR,2025-11-09,Films,3,The Killers,,2
South Korea,KR,2025-11-09,Films,4,A HOUSE OF DYNAMITE,,3
South Korea,KR,2025-11-09,Films,5,KPop Demon Hunters,,21
South Korea,KR,2025-11-09,Films,6,Fabricated City,,1
South Korea,KR,2025-11-09,Films,7,Mantis,,7
South Korea,KR,2025-11-09,Films,8,28 Years Later,,4
South Korea,KR,2025-11-09,Films,9,Ballad of a Small Player,,2
South Korea,KR,2025-11-09,Films,10,Jack Reacher: Never Go Back,,6
South Korea,KR,2025-11-02,Films,1,Good News,,3
South Korea,KR,2025-11-02,Films,2,A HOUSE OF DYNAMITE,,2
South Korea,KR,2025-11-02,Films,3,KPop Demon Hunters,,20
South Korea,KR,2025-11-02,Films,4,28 Years Later,,3
South Korea,KR,2025-11-02,Films,5,Ballad of a Small Player,,1
South Korea,KR,2025-11-02,Films,6,Mantis,,6
South Korea,KR,2025-11-02,Films,7,The Killers,,1
South Korea,KR,2025-11-02,Films,8,The Elixir,,2
South Korea,KR,2025-11-02,Films,9,Tarot,,4
South Korea,KR,2025-11-02,Films,10,Yadang: The Snitch,,8
South Korea,KR,2025-10-26,Films,1,Good News,,2
South Korea,KR,2025-10-26,Films,2,28 Years Later,,2
South Korea,KR,2025-10-26,Films,3,A HOUSE OF DYNAMITE,,1
South Korea,KR,2025-10-26,Films,4,KPop Demon Hunters,,19
South Korea,KR,2025-10-26,Films,5,Tarot,,3
South Korea,KR,2025-10-26,Films,6,The Elixir,,1
South Korea,KR,2025-10-26,Films,7,Mantis,,5
South Korea,KR,2025-10-26,Films,8,Kingmaker,,2
South Korea,KR,2025-10-26,Films,9,The Woman in Cabin 10,,3
South Korea,KR,2025-10-26,Films,10,Yadang: The Snitch,,7
South Korea,KR,2025-10-19,Films,1,Good News,,1
South Korea,KR,2025-10-19,Films,2,Tarot,,2
South Korea,KR,2025-10-19,Films,3,The Woman in Cabin 10,,2
South Korea,KR,2025-10-19,Films,4,Noise,,2
South Korea,KR,2025-10-19,Films,5,KPop Demon Hunters,,18
South Korea,KR,2025-10-19,Films,6,Mantis,,4
South Korea,KR,2025-10-19,Films,7,Kingmaker,,1
South Korea,KR,2025-10-19,Films,8,Caramelo,,1
South Korea,KR,2025-10-19,Films,9,28 Years Later,,1
South Korea,KR,2025-10-19,Films,10,Yadang: The Snitch,,6
South Korea,KR,2025-10-12,Films,1,Mantis,,3
South Korea,KR,2025-10-12,Films,2,Noise,,1
South Korea,KR,2025-10-12,Films,3,KPop Demon Hunters,,17
South Korea,KR,2025-10-12,Films,4,Tarot,,1
South Korea,KR,2025-10-12,Films,5,Yadang: The Snitch,,5
South Korea,KR,2025-10-12,Films,6,Kill Boksoon,,11
South Korea,KR,2025-10-12,Films,7,The Woman in Cabin 10,,1
South Korea,KR,2025-10-12,Films,8,Love Untangled,,7
South Korea,KR,2025-10-12,Films,9,LIM YOUNG WOONG [RE:CITAL],,1
South Korea,KR,2025-10-12,Films,10,Kraven the Hunter,,5
South Korea,KR,2025-10-05,Films,1,Mantis,,2
South Korea,KR,2025-10-05,Films,2,KPop Demon Hunters,,16
South Korea,KR,2025-10-05,Films,3,Yadang: The Snitch,,4
South Korea,KR,2025-10-05,Films,4,Kill Boksoon,,10
South Korea,KR,2025-10-05,Films,5,Organ Child,,1
South Korea,KR,2025-10-05,Films,6,Love Untangled,,6
South Korea,KR,2025-10-05,Films,7,Man on Fire,,2
South Korea,KR,2025-10-05,Films,8,Kraven the Hunter,,4
South Korea,KR,2025-10-05,Films,9,A Chinese Odyssey (Part I),,1
South Korea,KR,2025-10-05,Films,10,Green Book,,1
South Korea,KR,2025-09-28,Films,1,Mantis,,1
South Korea,KR,2025-09-28,Films,2,Yadang: The Snitch,,3
South Korea,KR,2025-09-28,Films,3,KPop Demon Hunters,,15
South Korea,KR,2025-09-28,Films,4,Man on Fire,,1
South Korea,KR,2025-09-28,Films,5,Kraven the Hunter,,3
South Korea,KR,2025-09-28,Films,6,Love Untangled,,5
South Korea,KR,2025-09-28,Films,7,Seventh Son,,2
South Korea,KR,2025-09-28,Films,8,Kill Boksoon,,9
South Korea,KR,2025-09-28,Films,9,Stoker,,1
South Korea,KR,2025-09-28,Films,10,Nocturnal,,13
South Korea,KR,2025-09-21,Films,1,Yadang: The Snitch,,2
South Korea,KR,2025-09-21,Films,2,Kraven the Hunter,,2
South Korea,KR,2025-09-21,Films,3,KPop Demon Hunters,,14
South Korea,KR,2025-09-21,Films,4,Love Untangled,,4
South Korea,KR,2025-09-21,Films,5,The Wrong Paris,,1
South Korea,KR,2025-09-21,Films,6,Nocturnal,,12
South Korea,KR,2025-09-21,Films,7,Love in the Big City,,9
South Korea,KR,2025-09-21,Films,8,The Brothers Grimm,,1
South Korea,KR,2025-09-21,Films,9,Demon Slayer -Kimetsu no Yaiba- The Movie: Mugen Train,,9
South Korea,KR,2025-09-21,Films,10,Seventh Son,,1
South Korea,KR,2025-09-14,Films,1,Yadang: The Snitch,,1
South Korea,KR,2025-09-14,Films,2,KPop Demon Hunters,,13
South Korea,KR,2025-09-14,Films,3,Kraven the Hunter,,1
South Korea,KR,2025-09-14,Films,4,Love Untangled,,3
South Korea,KR,2025-09-14,Films,5,Unknown Number: The High School Catfish,,2
South Korea,KR,2025-09-14,Films,6,Demon Slayer -Kimetsu no Yaiba- The Movie: Mugen Train,,8
South Korea,KR,2025-09-14,Films,7,Nocturnal,,11
South Korea,KR,2025-09-14,Films,8,The Thursday Murder Club,,3
South Korea,KR,2025-09-14,Films,9,Love in the Big City,,8
South Korea,KR,2025-09-14,Films,10,The Northman,,5
South Korea,KR,2025-09-07,Films,1,Love Untangled,,2
South Korea,KR,2025-09-07,Films,2,KPop Demon Hunters,,12
South Korea,KR,2025-09-07,Films,3,The Thursday Murder Club,,2
South Korea,KR,2025-09-07,Films,4,The Northman,,4
South Korea,KR,2025-09-07,Films,5,Demon Slayer -Kimetsu no Yaiba- The Movie: Mugen Train,,7
South Korea,KR,2025-09-07,Films,6,Nocturnal,,10
South Korea,KR,2025-09-07,Films,7,Midnight Sun,,2
South Korea,KR,2025-09-07,Films,8,Unknown Number: The High School Catfish,,1
South Korea,KR,2025-09-07,Films,9,Fall for Me,,3
South Korea,KR,2025-09-07,Films,10,Fast & Furious Presents: Hobbs & Shaw,,1
South Korea,KR,2025-08-31,Films,1,KPop Demon Hunters,,11
South Korea,KR,2025-08-31,Films,2,Love Untangled,,1
South Korea,KR,2025-08-31,Films,3,The Thursday Murder Club,,1
South Korea,KR,2025-08-31,Films,4,Fall for Me,,2
South Korea,KR,2025-08-31,Films,5,Demon Slayer -Kimetsu no Yaiba- The Movie: Mugen Train,,6
South Korea,KR,2025-08-31,Films,6,Nocturnal,,9
South Korea,KR,2025-08-31,Films,7,Midnight Sun,,1
South Korea,KR,2025-08-31,Films,8,Holy Night: Demon Hunters,,5
South Korea,KR,2025-08-31,Films,9,The Northman,,3
South Korea,KR,2025-08-31,Films,10,The Client,,2
South Korea,KR,2025-08-24,Films,1,KPop Demon Hunters,,10
South Korea,KR,2025-08-24,Films,2,Holy Night: Demon Hunters,,4
South Korea,KR,2025-08-24,Films,3,Night Always Comes,,2
South Korea,KR,2025-08-24,Films,4,Fall for Me,,1
South Korea,KR,2025-08-24,Films,5,Nocturnal,,8
South Korea,KR,2025-08-24,Films,6,Wall to Wall,,6
South Korea,KR,2025-08-24,Films,7,Ghost Cat Anzu,,2
South Korea,KR,2025-08-24,Films,8,Elektra,,2
South Korea,KR,2025-08-24,Films,9,Virus,,4
South Korea,KR,2025-08-24,Films,10,The Client,,1
South Korea,KR,2025-08-17,Films,1,KPop Demon Hunters,,9
South Korea,KR,2025-08-17,Films,2,Holy Night: Demon Hunters,,3
South Korea,KR,2025-08-17,Films,3,Virus,,3
South Korea,KR,2025-08-17,Films,4,Elektra,,1
South Korea,KR,2025-08-17,Films,5,Wall to Wall,,5
South Korea,KR,2025-08-17,Films,6,Ghost Cat Anzu,,1
South Korea,KR,2025-08-17,Films,7,My Name Is Vendetta,,4
South Korea,KR,2025-08-17,Films,8,Nocturnal,,7
South Korea,KR,2025-08-17,Films,9,Night Always Comes,,1
South Korea,KR,2025-08-17,Films,10,War of the Worlds,,2
South Korea,KR,2025-08-10,Films,1,KPop Demon Hunters,,8
South Korea,KR,2025-08-10,Films,2,Holy Night: Demon Hunters,,2
South Korea,KR,2025-08-10,Films,3,Virus,,2
South Korea,KR,2025-08-10,Films,4,Wall to Wall,,4
South Korea,KR,2025-08-10,Films,5,My Oxford Year,,2
South Korea,KR,2025-08-10,Films,6,My Name Is Vendetta,,3
South Korea,KR,2025-08-10,Films,7,Flightplan,,2
South Korea,KR,2025-08-10,Films,8,Pororo: Underwater Adventure,,4
South Korea,KR,2025-08-10,Films,9,War of the Worlds,,1
South Korea,KR,2025-08-10,Films,10,LIM YOUNG WOONGâIM HERO THE STADIUM,,21
South Korea,KR,2025-08-03,Films,1,Holy Night: Demon Hunters,,1
South Korea,KR,2025-08-03,Films,2,KPop Demon Hunters,,7
South Korea,KR,2025-08-03,Films,3,Virus,,1
South Korea,KR,2025-08-03,Films,4,Wall to Wall,,3
South Korea,KR,2025-08-03,Films,5,Flightplan,,1
South Korea,KR,2025-08-03,Films,6,Happy Gilmore 2,,1
South Korea,KR,2025-08-03,Films,7,Pororo: Underwater Adventure,,3
South Korea,KR,2025-08-03,Films,8,My Oxford Year,,1
South Korea,KR,2025-08-03,Films,9,A Normal Woman,,1
South Korea,KR,2025-08-03,Films,10,The Old Guard 2,,5
South Korea,KR,2025-07-27,Films,1,KPop Demon Hunters,,6
South Korea,KR,2025-07-27,Films,2,Wall to Wall,,2
South Korea,KR,2025-07-27,Films,3,Brick,,3
South Korea,KR,2025-07-27,Films,4,Streaming,,5
South Korea,KR,2025-07-27,Films,5,The Old Guard 2,,4
South Korea,KR,2025-07-27,Films,6,Pororo: Underwater Adventure,,2
South Korea,KR,2025-07-27,Films,7,The Match,,10
South Korea,KR,2025-07-27,Films,8,The Firm,,2
South Korea,KR,2025-07-27,Films,9,Dirty Money,,6
South Korea,KR,2025-07-27,Films,10,LIM YOUNG WOONGâIM HERO THE STADIUM,,20
South Korea,KR,2025-07-20,Films,1,KPop Demon Hunters,,5
South Korea,KR,2025-07-20,Films,2,Wall to Wall,,1
South Korea,KR,2025-07-20,Films,3,Brick,,2
South Korea,KR,2025-07-20,Films,4,The Old Guard 2,,3
South Korea,KR,2025-07-20,Films,5,Streaming,,4
South Korea,KR,2025-07-20,Films,6,Ziam,,2
South Korea,KR,2025-07-20,Films,7,Pororo: Underwater Adventure,,1
South Korea,KR,2025-07-20,Films,8,Almost Cops,,2
South Korea,KR,2025-07-20,Films,9,Dirty Money,,5
South Korea,KR,2025-07-20,Films,10,The Old Guard,,4
South Korea,KR,2025-07-13,Films,1,KPop Demon Hunters,,4
South Korea,KR,2025-07-13,Films,2,The Old Guard 2,,2
South Korea,KR,2025-07-13,Films,3,Brick,,1
South Korea,KR,2025-07-13,Films,4,Ziam,,1
South Korea,KR,2025-07-13,Films,5,Streaming,,3
South Korea,KR,2025-07-13,Films,6,The Old Guard,,3
South Korea,KR,2025-07-13,Films,7,6/45,,2
South Korea,KR,2025-07-13,Films,8,Dirty Money,,4
South Korea,KR,2025-07-13,Films,9,Almost Cops,,1
South Korea,KR,2025-07-13,Films,10,Infinite,,4
South Korea,KR,2025-07-06,Films,1,KPop Demon Hunters,,3
South Korea,KR,2025-07-06,Films,2,The Old Guard 2,,1
South Korea,KR,2025-07-06,Films,3,Streaming,,2
South Korea,KR,2025-07-06,Films,4,The Old Guard,,2
South Korea,KR,2025-07-06,Films,5,6/45,,1
South Korea,KR,2025-07-06,Films,6,Infinite,,3
South Korea,KR,2025-07-06,Films,7,Dirty Money,,3
South Korea,KR,2025-07-06,Films,8,Shiri,,1
South Korea,KR,2025-07-06,Films,9,The Match,,9
South Korea,KR,2025-07-06,Films,10,LIM YOUNG WOONGâIM HERO THE STADIUM,,19
South Korea,KR,2025-06-29,Films,1,KPop Demon Hunters,,2
South Korea,KR,2025-06-29,Films,2,Streaming,,1
South Korea,KR,2025-06-29,Films,3,Dirty Money,,2
South Korea,KR,2025-06-29,Films,4,28 Weeks Later,,2
South Korea,KR,2025-06-29,Films,5,The Match,,8
South Korea,KR,2025-06-29,Films,6,The Sum of All Fears,,1
South Korea,KR,2025-06-29,Films,7,LIM YOUNG WOONGâIM HERO THE STADIUM,,18
South Korea,KR,2025-06-29,Films,8,A Company Man,,3
South Korea,KR,2025-06-29,Films,9,The Old Guard,,1
South Korea,KR,2025-06-29,Films,10,Trainwreck: Poop Cruise,,1
South Korea,KR,2025-06-22,Films,1,Dirty Money,,1
South Korea,KR,2025-06-22,Films,2,KPop Demon Hunters,,1
South Korea,KR,2025-06-22,Films,3,28 Weeks Later,,1
South Korea,KR,2025-06-22,Films,4,A Company Man,,2
South Korea,KR,2025-06-22,Films,5,K.O.,,3
South Korea,KR,2025-06-22,Films,6,STRAW,,2
South Korea,KR,2025-06-22,Films,7,The Match,,7
South Korea,KR,2025-06-22,Films,8,Copycat,,1
South Korea,KR,2025-06-22,Films,9,Nocturnal,,6
South Korea,KR,2025-06-22,Films,10,LIM YOUNG WOONGâIM HERO THE STADIUM,,17
South Korea,KR,2025-06-15,Films,1,K.O.,,2
South Korea,KR,2025-06-15,Films,2,STRAW,,1
South Korea,KR,2025-06-15,Films,3,Nocturnal,,5
South Korea,KR,2025-06-15,Films,4,The Match,,6
South Korea,KR,2025-06-15,Films,5,A Company Man,,1
South Korea,KR,2025-06-15,Films,6,Titan: The OceanGate Submersible Disaster,,1
South Korea,KR,2025-06-15,Films,7,Mona Lisa Smile,,1
South Korea,KR,2025-06-15,Films,8,LIM YOUNG WOONGâIM HERO THE STADIUM,,16
South Korea,KR,2025-06-15,Films,9,Inside Man: Most Wanted,,2
South Korea,KR,2025-06-15,Films,10,Mission: Impossible - Dead Reckoning,,10
South Korea,KR,2025-06-08,Films,1,Nocturnal,,4
South Korea,KR,2025-06-08,Films,2,Inside Man: Most Wanted,,1
South Korea,KR,2025-06-08,Films,3,The Match,,5
South Korea,KR,2025-06-08,Films,4,A Widow's Game,,2
South Korea,KR,2025-06-08,Films,5,K.O.,,1
South Korea,KR,2025-06-08,Films,6,Lost in Starlight,,2
South Korea,KR,2025-06-08,Films,7,Mission: Impossible - Dead Reckoning,,9
South Korea,KR,2025-06-08,Films,8,Haikyu!!: The Dumpster Battle,,1
South Korea,KR,2025-06-08,Films,9,LIM YOUNG WOONGâIM HERO THE STADIUM,,15
South Korea,KR,2025-06-08,Films,10,About Family,,9
South Korea,KR,2025-06-01,Films,1,Nocturnal,,3
South Korea,KR,2025-06-01,Films,2,The Match,,4
South Korea,KR,2025-06-01,Films,3,Mission: Impossible - Dead Reckoning,,8
South Korea,KR,2025-06-01,Films,4,Collateral,,1
South Korea,KR,2025-06-01,Films,5,Lost in Starlight,,1
South Korea,KR,2025-06-01,Films,6,LIM YOUNG WOONGâIM HERO THE STADIUM,,14
South Korea,KR,2025-06-01,Films,7,A Widow's Game,,1
South Korea,KR,2025-06-01,Films,8,Fear Street: Prom Queen,,2
South Korea,KR,2025-06-01,Films,9,About Family,,8
South Korea,KR,2025-06-01,Films,10,Exterritorial,,5
South Korea,KR,2025-05-25,Films,1,Nocturnal,,2
South Korea,KR,2025-05-25,Films,2,The Match,,3
South Korea,KR,2025-05-25,Films,3,Mission: Impossible - Dead Reckoning,,7
South Korea,KR,2025-05-25,Films,4,LIM YOUNG WOONGâIM HERO THE STADIUM,,13
South Korea,KR,2025-05-25,Films,5,About Family,,7
South Korea,KR,2025-05-25,Films,6,Akira,,1
South Korea,KR,2025-05-25,Films,7,Nonnas,,2
South Korea,KR,2025-05-25,Films,8,Harbin,,5
South Korea,KR,2025-05-25,Films,9,Exterritorial,,4
South Korea,KR,2025-05-25,Films,10,Fear Street: Prom Queen,,1
South Korea,KR,2025-05-18,Films,1,Nocturnal,,1
South Korea,KR,2025-05-18,Films,2,The Match,,2
South Korea,KR,2025-05-18,Films,3,Mission: Impossible - Dead Reckoning,,6
South Korea,KR,2025-05-18,Films,4,Last Bullet,,2
South Korea,KR,2025-05-18,Films,5,Nonnas,,1
South Korea,KR,2025-05-18,Films,6,Harbin,,4
South Korea,KR,2025-05-18,Films,7,Exterritorial,,3
South Korea,KR,2025-05-18,Films,8,About Family,,6
South Korea,KR,2025-05-18,Films,9,LIM YOUNG WOONGâIM HERO THE STADIUM,,12
South Korea,KR,2025-05-18,Films,10,Lost Bullet,,1
South Korea,KR,2025-05-11,Films,1,The Match,,1
South Korea,KR,2025-05-11,Films,2,Exterritorial,,2
South Korea,KR,2025-05-11,Films,3,The Culprit,,3
South Korea,KR,2025-05-11,Films,4,Harbin,,3
South Korea,KR,2025-05-11,Films,5,Last Bullet,,1
South Korea,KR,2025-05-11,Films,6,About Family,,5
South Korea,KR,2025-05-11,Films,7,Havoc,,3
South Korea,KR,2025-05-11,Films,8,Mission: Impossible - Dead Reckoning,,5
South Korea,KR,2025-05-11,Films,9,Trade Your Love,,2
South Korea,KR,2025-05-11,Films,10,Crypto Man,,3
South Korea,KR,2025-05-04,Films,1,The Culprit,,2
South Korea,KR,2025-05-04,Films,2,Exterritorial,,1
South Korea,KR,2025-05-04,Films,3,Harbin,,2
South Korea,KR,2025-05-04,Films,4,Havoc,,2
South Korea,KR,2025-05-04,Films,5,Crypto Man,,2
South Korea,KR,2025-05-04,Films,6,Trade Your Love,,1
South Korea,KR,2025-05-04,Films,7,Bullet Train Explosion,,2
South Korea,KR,2025-05-04,Films,8,About Family,,4
South Korea,KR,2025-05-04,Films,9,The Rose of Versailles,,1
South Korea,KR,2025-05-04,Films,10,Mission: Impossible - Dead Reckoning,,4
South Korea,KR,2025-04-27,Films,1,Harbin,,1
South Korea,KR,2025-04-27,Films,2,Crypto Man,,1
South Korea,KR,2025-04-27,Films,3,Stellar,,2
South Korea,KR,2025-04-27,Films,4,About Family,,3
South Korea,KR,2025-04-27,Films,5,Havoc,,1
South Korea,KR,2025-04-27,Films,6,iHostage,,2
South Korea,KR,2025-04-27,Films,7,Bullet Train Explosion,,1
South Korea,KR,2025-04-27,Films,8,A Good Son,,2
South Korea,KR,2025-04-27,Films,9,Mission: Impossible - Dead Reckoning,,3
South Korea,KR,2025-04-27,Films,10,The Culprit,,1
South Korea,KR,2025-04-20,Films,1,About Family,,2
South Korea,KR,2025-04-20,Films,2,Mission: Impossible - Dead Reckoning,,2
South Korea,KR,2025-04-20,Films,3,Firefighters,,3
South Korea,KR,2025-04-20,Films,4,Stellar,,1
South Korea,KR,2025-04-20,Films,5,Venom: The Last Dance,,3
South Korea,KR,2025-04-20,Films,6,A Good Son,,1
South Korea,KR,2025-04-20,Films,7,Revelations,,5
South Korea,KR,2025-04-20,Films,8,iHostage,,1
South Korea,KR,2025-04-20,Films,9,LIM YOUNG WOONGâIM HERO THE STADIUM,,11
South Korea,KR,2025-04-20,Films,10,The Passion of the Christ,,1
South Korea,KR,2025-04-13,Films,1,About Family,,1
South Korea,KR,2025-04-13,Films,2,Firefighters,,2
South Korea,KR,2025-04-13,Films,3,Mission: Impossible - Dead Reckoning,,1
South Korea,KR,2025-04-13,Films,4,Venom: The Last Dance,,2
South Korea,KR,2025-04-13,Films,5,Revelations,,4
South Korea,KR,2025-04-13,Films,6,The Equalizer 2,,5
South Korea,KR,2025-04-13,Films,7,LIM YOUNG WOONGâIM HERO THE STADIUM,,10
South Korea,KR,2025-04-13,Films,8,Jules,,2
South Korea,KR,2025-04-13,Films,9,The Equalizer,,2
South Korea,KR,2025-04-13,Films,10,No Good Deed,,1
South Korea,KR,2025-04-06,Films,1,Firefighters,,1
South Korea,KR,2025-04-06,Films,2,Venom: The Last Dance,,1
South Korea,KR,2025-04-06,Films,3,Revelations,,3
South Korea,KR,2025-04-06,Films,4,Real,,2
South Korea,KR,2025-04-06,Films,5,Jules,,1
South Korea,KR,2025-04-06,Films,6,LIM YOUNG WOONGâIM HERO THE STADIUM,,9
South Korea,KR,2025-04-06,Films,7,The Life List,,1
South Korea,KR,2025-04-06,Films,8,The Equalizer,,1
South Korea,KR,2025-04-06,Films,9,The Equalizer 2,,4
South Korea,KR,2025-04-06,Films,10,"I, the Executioner",,9
South Korea,KR,2025-03-30,Films,1,Revelations,,2
South Korea,KR,2025-03-30,Films,2,LIM YOUNG WOONGâIM HERO THE STADIUM,,8
South Korea,KR,2025-03-30,Films,3,The Electric State,,3
South Korea,KR,2025-03-30,Films,4,"I, the Executioner",,8
South Korea,KR,2025-03-30,Films,5,I,,2
South Korea,KR,2025-03-30,Films,6,Real,,1
South Korea,KR,2025-03-30,Films,7,Rounders,,2
South Korea,KR,2025-03-30,Films,8,Officer Black Belt,,7
South Korea,KR,2025-03-30,Films,9,Love in the Big City,,7
South Korea,KR,2025-03-30,Films,10,The Twister: Caught in the Storm,,2
South Korea,KR,2025-03-23,Films,1,Revelations,,1
South Korea,KR,2025-03-23,Films,2,The Electric State,,2
South Korea,KR,2025-03-23,Films,3,Eye for an Eye,,2
South Korea,KR,2025-03-23,Films,4,LIM YOUNG WOONGâIM HERO THE STADIUM,,7
South Korea,KR,2025-03-23,Films,5,Rounders,,1
South Korea,KR,2025-03-23,Films,6,The Twister: Caught in the Storm,,1
South Korea,KR,2025-03-23,Films,7,I,,1
South Korea,KR,2025-03-23,Films,8,Love in the Big City,,6
South Korea,KR,2025-03-23,Films,9,"I, the Executioner",,7
South Korea,KR,2025-03-23,Films,10,Concerning My Daughter,,2
South Korea,KR,2025-03-16,Films,1,Eye for an Eye,,1
South Korea,KR,2025-03-16,Films,2,The Electric State,,1
South Korea,KR,2025-03-16,Films,3,You Will Die In 6 Hours,,4
South Korea,KR,2025-03-16,Films,4,LIM YOUNG WOONGâIM HERO THE STADIUM,,6
South Korea,KR,2025-03-16,Films,5,Concerning My Daughter,,1
South Korea,KR,2025-03-16,Films,6,Love in the Big City,,5
South Korea,KR,2025-03-16,Films,7,The First Slam Dunk,,2
South Korea,KR,2025-03-16,Films,8,Plankton: The Movie,,1
South Korea,KR,2025-03-16,Films,9,Counterattack,,3
South Korea,KR,2025-03-16,Films,10,Demon City,,3
South Korea,KR,2025-03-09,Films,1,You Will Die In 6 Hours,,3
South Korea,KR,2025-03-09,Films,2,Demon City,,2
South Korea,KR,2025-03-09,Films,3,Counterattack,,2
South Korea,KR,2025-03-09,Films,4,The First Slam Dunk,,1
South Korea,KR,2025-03-09,Films,5,Love in the Big City,,4
South Korea,KR,2025-03-09,Films,6,Squad 36,,1
South Korea,KR,2025-03-09,Films,7,LIM YOUNG WOONGâIM HERO THE STADIUM,,5
South Korea,KR,2025-03-09,Films,8,Tarot,,1
South Korea,KR,2025-03-09,Films,9,"I, the Executioner",,6
South Korea,KR,2025-03-09,Films,10,Everything Everywhere All at Once,,1
South Korea,KR,2025-03-02,Films,1,You Will Die In 6 Hours,,2
South Korea,KR,2025-03-02,Films,2,Demon City,,1
South Korea,KR,2025-03-02,Films,3,Love in the Big City,,3
South Korea,KR,2025-03-02,Films,4,Counterattack,,1
South Korea,KR,2025-03-02,Films,5,"I, the Executioner",,5
South Korea,KR,2025-03-02,Films,6,LIM YOUNG WOONGâIM HERO THE STADIUM,,4
South Korea,KR,2025-03-02,Films,7,BogotÃ¡: City of the Lost,,4
South Korea,KR,2025-03-02,Films,8,Ordinary Angels,,1
South Korea,KR,2025-03-02,Films,9,Amazon Bullseye,,6
South Korea,KR,2025-03-02,Films,10,Despicable Me 3,,3
South Korea,KR,2025-02-23,Films,1,Love in the Big City,,2
South Korea,KR,2025-02-23,Films,2,BogotÃ¡: City of the Lost,,3
South Korea,KR,2025-02-23,Films,3,You Will Die In 6 Hours,,1
South Korea,KR,2025-02-23,Films,4,"I, the Executioner",,4
South Korea,KR,2025-02-23,Films,5,LIM YOUNG WOONGâIM HERO THE STADIUM,,3
South Korea,KR,2025-02-23,Films,6,Amazon Bullseye,,5
South Korea,KR,2025-02-23,Films,7,La Dolce Villa,,2
South Korea,KR,2025-02-23,Films,8,Ghost in the Shell,,2
South Korea,KR,2025-02-23,Films,9,Cabriolet,,2
South Korea,KR,2025-02-23,Films,10,Back in Action,,5
South Korea,KR,2025-02-16,Films,1,Love in the Big City,,1
South Korea,KR,2025-02-16,Films,2,BogotÃ¡: City of the Lost,,2
South Korea,KR,2025-02-16,Films,3,"I, the Executioner",,3
South Korea,KR,2025-02-16,Films,4,Cabriolet,,1
South Korea,KR,2025-02-16,Films,5,LIM YOUNG WOONGâIM HERO THE STADIUM,,2
South Korea,KR,2025-02-16,Films,6,Amazon Bullseye,,4
South Korea,KR,2025-02-16,Films,7,Ghost in the Shell,,1
South Korea,KR,2025-02-16,Films,8,La Dolce Villa,,1
South Korea,KR,2025-02-16,Films,9,Kinda Pregnant,,2
South Korea,KR,2025-02-16,Films,10,Knights of the Zodiac,,2
South Korea,KR,2025-02-09,Films,1,BogotÃ¡: City of the Lost,,1
South Korea,KR,2025-02-09,Films,2,"I, the Executioner",,2
South Korea,KR,2025-02-09,Films,3,Amazon Bullseye,,3
South Korea,KR,2025-02-09,Films,4,Knights of the Zodiac,,1
South Korea,KR,2025-02-09,Films,5,Hitman: Agent Jun,,4
South Korea,KR,2025-02-09,Films,6,LIM YOUNG WOONGâIM HERO THE STADIUM,,1
South Korea,KR,2025-02-09,Films,7,Kinda Pregnant,,1
South Korea,KR,2025-02-09,Films,8,Back in Action,,4
South Korea,KR,2025-02-09,Films,9,Ransomed,,7
South Korea,KR,2025-02-09,Films,10,Pilot,,12
South Korea,KR,2025-02-02,Films,1,"I, the Executioner",,1
South Korea,KR,2025-02-02,Films,2,Amazon Bullseye,,2
South Korea,KR,2025-02-02,Films,3,Hitman: Agent Jun,,3
South Korea,KR,2025-02-02,Films,4,Back in Action,,3
South Korea,KR,2025-02-02,Films,5,Transformers: Rise of the Beasts,,3
South Korea,KR,2025-02-02,Films,6,The Battle of Jangsari,,2
South Korea,KR,2025-02-02,Films,7,Pilot,,11
South Korea,KR,2025-02-02,Films,8,The Sentinel,,1
South Korea,KR,2025-02-02,Films,9,Dog Days,,3
South Korea,KR,2025-02-02,Films,10,Exhuma,,13
South Korea,KR,2025-01-26,Films,1,Amazon Bullseye,,1
South Korea,KR,2025-01-26,Films,2,Back in Action,,2
South Korea,KR,2025-01-26,Films,3,Transformers: Rise of the Beasts,,2
South Korea,KR,2025-01-26,Films,4,Hitman: Agent Jun,,2
South Korea,KR,2025-01-26,Films,5,The Battle of Jangsari,,1
South Korea,KR,2025-01-26,Films,6,Dog Days,,2
South Korea,KR,2025-01-26,Films,7,Alienoid: Return to the Future,,3
South Korea,KR,2025-01-26,Films,8,Wallace & Gromit: Vengeance Most Fowl,,4
South Korea,KR,2025-01-26,Films,9,Ad Vitam,,3
South Korea,KR,2025-01-26,Films,10,Pilot,,10
South Korea,KR,2025-01-19,Films,1,Dog Days,,1
South Korea,KR,2025-01-19,Films,2,Back in Action,,1
South Korea,KR,2025-01-19,Films,3,Alienoid: Return to the Future,,2
South Korea,KR,2025-01-19,Films,4,Ad Vitam,,2
South Korea,KR,2025-01-19,Films,5,Hopeless,,3
South Korea,KR,2025-01-19,Films,6,Wallace & Gromit: Vengeance Most Fowl,,3
South Korea,KR,2025-01-19,Films,7,Hitman: Agent Jun,,1
South Korea,KR,2025-01-19,Films,8,Transformers: Rise of the Beasts,,1
South Korea,KR,2025-01-19,Films,9,Ma,,2
South Korea,KR,2025-01-19,Films,10,Pilot,,9
South Korea,KR,2025-01-12,Films,1,Hopeless,,2
South Korea,KR,2025-01-12,Films,2,Alienoid: Return to the Future,,1
South Korea,KR,2025-01-12,Films,3,Wallace & Gromit: Vengeance Most Fowl,,2
South Korea,KR,2025-01-12,Films,4,Ma,,1
South Korea,KR,2025-01-12,Films,5,Mercy,,2
South Korea,KR,2025-01-12,Films,6,Ad Vitam,,1
South Korea,KR,2025-01-12,Films,7,Heartsping: Teenieping of Love,,2
South Korea,KR,2025-01-12,Films,8,Pilot,,8
South Korea,KR,2025-01-12,Films,9,The Secret Life of Pets 2,,1
South Korea,KR,2025-01-12,Films,10,Escape,,10
South Korea,KR,2025-01-05,Films,1,Hopeless,,1
South Korea,KR,2025-01-05,Films,2,Heartsping: Teenieping of Love,,1
South Korea,KR,2025-01-05,Films,3,Carry-On,,4
South Korea,KR,2025-01-05,Films,4,Pilot,,7
South Korea,KR,2025-01-05,Films,5,Mercy,,1
South Korea,KR,2025-01-05,Films,6,The Killer,,2
South Korea,KR,2025-01-05,Films,7,Wallace & Gromit: Vengeance Most Fowl,,1
South Korea,KR,2025-01-05,Films,8,Following,,4
South Korea,KR,2025-01-05,Films,9,Escape,,9
South Korea,KR,2025-01-05,Films,10,Uprising,,9
Taiwan,TW,2025-12-21,Films,1,The Great Flood,,1
Taiwan,TW,2025-12-21,Films,2,Gatao: Big Brothers,,1
Taiwan,TW,2025-12-21,Films,3,Shall We Die?,,2
Taiwan,TW,2025-12-21,Films,4,Wake Up Dead Man: A Knives Out Mystery,,2
Taiwan,TW,2025-12-21,Films,5,10DANCE,,1
Taiwan,TW,2025-12-21,Films,6,KPop Demon Hunters,,27
Taiwan,TW,2025-12-21,Films,7,The Last Frenzy,,3
Taiwan,TW,2025-12-21,Films,8,The Call of the Wild,,2
Taiwan,TW,2025-12-21,Films,9,Upstream,,3
Taiwan,TW,2025-12-21,Films,10,A Normal Family,,2
Taiwan,TW,2025-12-14,Films,1,Shall We Die?,,1
Taiwan,TW,2025-12-14,Films,2,Upstream,,2
Taiwan,TW,2025-12-14,Films,3,Wake Up Dead Man: A Knives Out Mystery,,1
Taiwan,TW,2025-12-14,Films,4,The Last Frenzy,,2
Taiwan,TW,2025-12-14,Films,5,Troll 2,,2
Taiwan,TW,2025-12-14,Films,6,KPop Demon Hunters,,26
Taiwan,TW,2025-12-14,Films,7,Fox Hunt,,2
Taiwan,TW,2025-12-14,Films,8,The Call of the Wild,,1
Taiwan,TW,2025-12-14,Films,9,My Secret Santa,,1
Taiwan,TW,2025-12-14,Films,10,A Normal Family,,1
Taiwan,TW,2025-12-07,Films,1,Fox Hunt,,1
Taiwan,TW,2025-12-07,Films,2,Troll 2,,1
Taiwan,TW,2025-12-07,Films,3,Upstream,,1
Taiwan,TW,2025-12-07,Films,4,"Them, Behind the Door",,1
Taiwan,TW,2025-12-07,Films,5,Trouble Girl,,1
Taiwan,TW,2025-12-07,Films,6,KPop Demon Hunters,,25
Taiwan,TW,2025-12-07,Films,7,Man in Love,,22
Taiwan,TW,2025-12-07,Films,8,Canola,,1
Taiwan,TW,2025-12-07,Films,9,The Last Frenzy,,1
Taiwan,TW,2025-12-07,Films,10,The Shore of Life,,1
Taiwan,TW,2025-11-30,Films,1,Champagne Problems,,2
Taiwan,TW,2025-11-30,Films,2,KPop Demon Hunters,,24
Taiwan,TW,2025-11-30,Films,3,Jingle Bell Heist,,1
Taiwan,TW,2025-11-30,Films,4,Train Dreams,,2
Taiwan,TW,2025-11-30,Films,5,Frankenstein,,4
Taiwan,TW,2025-11-30,Films,6,In Your Dreams,,3
Taiwan,TW,2025-11-30,Films,7,Man in Love,,21
Taiwan,TW,2025-11-30,Films,8,A HOUSE OF DYNAMITE,,6
Taiwan,TW,2025-11-30,Films,9,Tee Yai: Born To Be Bad,,3
Taiwan,TW,2025-11-30,Films,10,The Woman in Cabin 10,,7
Taiwan,TW,2025-11-23,Films,1,Champagne Problems,,1
Taiwan,TW,2025-11-23,Films,2,Tee Yai: Born To Be Bad,,2
Taiwan,TW,2025-11-23,Films,3,KPop Demon Hunters,,23
Taiwan,TW,2025-11-23,Films,4,Frankenstein,,3
Taiwan,TW,2025-11-23,Films,5,In Your Dreams,,2
Taiwan,TW,2025-11-23,Films,6,A HOUSE OF DYNAMITE,,5
Taiwan,TW,2025-11-23,Films,7,The Family Stone,,1
Taiwan,TW,2025-11-23,Films,8,Train Dreams,,1
Taiwan,TW,2025-11-23,Films,9,The Woman in Cabin 10,,6
Taiwan,TW,2025-11-23,Films,10,A Merry Little Ex-Mas,,1
Taiwan,TW,2025-11-16,Films,1,Frankenstein,,2
Taiwan,TW,2025-11-16,Films,2,KPop Demon Hunters,,22
Taiwan,TW,2025-11-16,Films,3,A HOUSE OF DYNAMITE,,4
Taiwan,TW,2025-11-16,Films,4,A Time to Kill,,1
Taiwan,TW,2025-11-16,Films,5,Mango,,1
Taiwan,TW,2025-11-16,Films,6,Tee Yai: Born To Be Bad,,1
Taiwan,TW,2025-11-16,Films,7,The Woman in Cabin 10,,5
Taiwan,TW,2025-11-16,Films,8,Sleepless in Seattle,,2
Taiwan,TW,2025-11-16,Films,9,In Your Dreams,,1
Taiwan,TW,2025-11-16,Films,10,The Elixir,,4
Taiwan,TW,2025-11-09,Films,1,A HOUSE OF DYNAMITE,,3
Taiwan,TW,2025-11-09,Films,2,Frankenstein,,1
Taiwan,TW,2025-11-09,Films,3,KPop Demon Hunters,,21
Taiwan,TW,2025-11-09,Films,4,Ballad of a Small Player,,2
Taiwan,TW,2025-11-09,Films,5,The Elixir,,3
Taiwan,TW,2025-11-09,Films,6,Sleepless in Seattle,,1
Taiwan,TW,2025-11-09,Films,7,Kill Bill: Vol. 1,,1
Taiwan,TW,2025-11-09,Films,8,The Woman in Cabin 10,,4
Taiwan,TW,2025-11-09,Films,9,Strawman,,1
Taiwan,TW,2025-11-09,Films,10,Organ Child,,6
Taiwan,TW,2025-11-02,Films,1,A HOUSE OF DYNAMITE,,2
Taiwan,TW,2025-11-02,Films,2,The Elixir,,2
Taiwan,TW,2025-11-02,Films,3,KPop Demon Hunters,,20
Taiwan,TW,2025-11-02,Films,4,Ballad of a Small Player,,1
Taiwan,TW,2025-11-02,Films,5,28 Years Later,,2
Taiwan,TW,2025-11-02,Films,6,The Red Envelope,,1
Taiwan,TW,2025-11-02,Films,7,Attack 13,,2
Taiwan,TW,2025-11-02,Films,8,Good News,,3
Taiwan,TW,2025-11-02,Films,9,Organ Child,,5
Taiwan,TW,2025-11-02,Films,10,Don't Say a Word,,2
Taiwan,TW,2025-10-26,Films,1,28 Years Later,,1
Taiwan,TW,2025-10-26,Films,2,A HOUSE OF DYNAMITE,,1
Taiwan,TW,2025-10-26,Films,3,Good News,,2
Taiwan,TW,2025-10-26,Films,4,KPop Demon Hunters,,19
Taiwan,TW,2025-10-26,Films,5,The Elixir,,1
Taiwan,TW,2025-10-26,Films,6,The Woman in Cabin 10,,3
Taiwan,TW,2025-10-26,Films,7,Karate Kid: Legends,,2
Taiwan,TW,2025-10-26,Films,8,Organ Child,,4
Taiwan,TW,2025-10-26,Films,9,Attack 13,,1
Taiwan,TW,2025-10-26,Films,10,Don't Say a Word,,1
Taiwan,TW,2025-10-19,Films,1,The Woman in Cabin 10,,2
Taiwan,TW,2025-10-19,Films,2,KPop Demon Hunters,,18
Taiwan,TW,2025-10-19,Films,3,Caramelo,,1
Taiwan,TW,2025-10-19,Films,4,Organ Child,,3
Taiwan,TW,2025-10-19,Films,5,Karate Kid: Legends,,1
Taiwan,TW,2025-10-19,Films,6,Good News,,1
Taiwan,TW,2025-10-19,Films,7,The Killer,,2
Taiwan,TW,2025-10-19,Films,8,Mantis,,4
Taiwan,TW,2025-10-19,Films,9,Dust of Angels (4K Remastered Version),,2
Taiwan,TW,2025-10-19,Films,10,Everybody Loves Me When I'm Dead,,1
Taiwan,TW,2025-10-12,Films,1,Organ Child,,2
Taiwan,TW,2025-10-12,Films,2,KPop Demon Hunters,,17
Taiwan,TW,2025-10-12,Films,3,Be With Me,,1
Taiwan,TW,2025-10-12,Films,4,The Killer,,1
Taiwan,TW,2025-10-12,Films,5,Bloodshot,,2
Taiwan,TW,2025-10-12,Films,6,Daughter's Daughter,,1
Taiwan,TW,2025-10-12,Films,7,The Woman in Cabin 10,,1
Taiwan,TW,2025-10-12,Films,8,Mantis,,3
Taiwan,TW,2025-10-12,Films,9,Flow,,1
Taiwan,TW,2025-10-12,Films,10,The Tourist,,1
Taiwan,TW,2025-10-05,Films,1,Organ Child,,1
Taiwan,TW,2025-10-05,Films,2,Mantis,,2
Taiwan,TW,2025-10-05,Films,3,KPop Demon Hunters,,16
Taiwan,TW,2025-10-05,Films,4,Legends of the Condor Heroes: The Gallants,,3
Taiwan,TW,2025-10-05,Films,5,A Girl at My Door,,1
Taiwan,TW,2025-10-05,Films,6,Bloodshot,,1
Taiwan,TW,2025-10-05,Films,7,French Lover,,1
Taiwan,TW,2025-10-05,Films,8,Lovesick,,6
Taiwan,TW,2025-10-05,Films,9,Ne Zha,,3
Taiwan,TW,2025-10-05,Films,10,Anaconda: Cursed Jungle,,3
Taiwan,TW,2025-09-28,Films,1,Mantis,,1
Taiwan,TW,2025-09-28,Films,2,KPop Demon Hunters,,15
Taiwan,TW,2025-09-28,Films,3,Legends of the Condor Heroes: The Gallants,,2
Taiwan,TW,2025-09-28,Films,4,Monk Comes Down the Mountain,,2
Taiwan,TW,2025-09-28,Films,5,Anaconda: Cursed Jungle,,2
Taiwan,TW,2025-09-28,Films,6,Ne Zha,,2
Taiwan,TW,2025-09-28,Films,7,Lovesick,,5
Taiwan,TW,2025-09-28,Films,8,Everything Everywhere All at Once,,2
Taiwan,TW,2025-09-28,Films,9,She Said Maybe,,1
Taiwan,TW,2025-09-28,Films,10,Man on Fire,,3
Taiwan,TW,2025-09-21,Films,1,Legends of the Condor Heroes: The Gallants,,1
Taiwan,TW,2025-09-21,Films,2,Anaconda: Cursed Jungle,,1
Taiwan,TW,2025-09-21,Films,3,KPop Demon Hunters,,14
Taiwan,TW,2025-09-21,Films,4,Crayon Shin-chan the Movie: Our Dinosaur Diary,,1
Taiwan,TW,2025-09-21,Films,5,Ne Zha,,1
Taiwan,TW,2025-09-21,Films,6,Everything Everywhere All at Once,,1
Taiwan,TW,2025-09-21,Films,7,Lovesick,,4
Taiwan,TW,2025-09-21,Films,8,Until Dawn,,1
Taiwan,TW,2025-09-21,Films,9,Monk Comes Down the Mountain,,1
Taiwan,TW,2025-09-21,Films,10,The Yin Yang Master Zero,,1
Taiwan,TW,2025-09-14,Films,1,Unknown Number: The High School Catfish,,2
Taiwan,TW,2025-09-14,Films,2,KPop Demon Hunters,,13
Taiwan,TW,2025-09-14,Films,3,Lovesick,,3
Taiwan,TW,2025-09-14,Films,4,Love Untangled,,3
Taiwan,TW,2025-09-14,Films,5,The Equalizer,,2
Taiwan,TW,2025-09-14,Films,6,The Equalizer 2,,2
Taiwan,TW,2025-09-14,Films,7,The Thursday Murder Club,,3
Taiwan,TW,2025-09-14,Films,8,GATAO: Like Father Like Son,,13
Taiwan,TW,2025-09-14,Films,9,Tomb Watcher,,2
Taiwan,TW,2025-09-14,Films,10,The Wrong Paris,,1
Taiwan,TW,2025-09-07,Films,1,Lovesick,,2
Taiwan,TW,2025-09-07,Films,2,Love Untangled,,2
Taiwan,TW,2025-09-07,Films,3,KPop Demon Hunters,,12
Taiwan,TW,2025-09-07,Films,4,Unknown Number: The High School Catfish,,1
Taiwan,TW,2025-09-07,Films,5,The Equalizer 2,,1
Taiwan,TW,2025-09-07,Films,6,The Thursday Murder Club,,2
Taiwan,TW,2025-09-07,Films,7,The Equalizer,,1
Taiwan,TW,2025-09-07,Films,8,GATAO: Like Father Like Son,,12
Taiwan,TW,2025-09-07,Films,9,Tomb Watcher,,1
Taiwan,TW,2025-09-07,Films,10,Crayon Shinchan the Movie:  My Moving Story Cactus Attack,,2
Taiwan,TW,2025-08-31,Films,1,KPop Demon Hunters,,11
Taiwan,TW,2025-08-31,Films,2,Love Untangled,,1
Taiwan,TW,2025-08-31,Films,3,The Thursday Murder Club,,1
Taiwan,TW,2025-08-31,Films,4,Fall for Me,,2
Taiwan,TW,2025-08-31,Films,5,Lovesick,,1
Taiwan,TW,2025-08-31,Films,6,GATAO: Like Father Like Son,,11
Taiwan,TW,2025-08-31,Films,7,Abandoned Man,,1
Taiwan,TW,2025-08-31,Films,8,The Exorcist: Believer,,1
Taiwan,TW,2025-08-31,Films,9,Crayon Shinchan: Very Tasty! B-class Gourmet Survival!!,,1
Taiwan,TW,2025-08-31,Films,10,Crayon Shinchan the Movie:  My Moving Story Cactus Attack,,1
Taiwan,TW,2025-08-24,Films,1,KPop Demon Hunters,,10
Taiwan,TW,2025-08-24,Films,2,Night Always Comes,,2
Taiwan,TW,2025-08-24,Films,3,Fall for Me,,1
Taiwan,TW,2025-08-24,Films,4,Demon Slayer -Kimetsu no Yaiba- The Movie: Mugen Train,,10
Taiwan,TW,2025-08-24,Films,5,Welcome to Sudden Death,,1
Taiwan,TW,2025-08-24,Films,6,Love Happens,,1
Taiwan,TW,2025-08-24,Films,7,GATAO: Like Father Like Son,,10
Taiwan,TW,2025-08-24,Films,8,Crayon Shin-chan the Movie: Super-Dimension! The Storm Called My Bride,,1
Taiwan,TW,2025-08-24,Films,9,My Oxford Year,,4
Taiwan,TW,2025-08-24,Films,10,PAW Patrol: The Mighty Movie,,3
Taiwan,TW,2025-08-17,Films,1,KPop Demon Hunters,,9
Taiwan,TW,2025-08-17,Films,2,Demon Slayer -Kimetsu no Yaiba- The Movie: Mugen Train,,9
Taiwan,TW,2025-08-17,Films,3,Night Always Comes,,1
Taiwan,TW,2025-08-17,Films,4,My Oxford Year,,3
Taiwan,TW,2025-08-17,Films,5,The Stone,,2
Taiwan,TW,2025-08-17,Films,6,Elektra,,1
Taiwan,TW,2025-08-17,Films,7,OVERLORD:The Sacred Kingdom,,3
Taiwan,TW,2025-08-17,Films,8,The Super Mario Bros. Movie,,11
Taiwan,TW,2025-08-17,Films,9,Wall to Wall,,5
Taiwan,TW,2025-08-17,Films,10,Mononoke The Movie: Chapter II - The Ashes of Rage,,1
Taiwan,TW,2025-08-10,Films,1,KPop Demon Hunters,,8
Taiwan,TW,2025-08-10,Films,2,My Oxford Year,,2
Taiwan,TW,2025-08-10,Films,3,The Stone,,1
Taiwan,TW,2025-08-10,Films,4,OVERLORD:The Sacred Kingdom,,2
Taiwan,TW,2025-08-10,Films,5,The Last Voyage of the Demeter,,2
Taiwan,TW,2025-08-10,Films,6,Happy Gilmore 2,,3
Taiwan,TW,2025-08-10,Films,7,Wall to Wall,,4
Taiwan,TW,2025-08-10,Films,8,PAW Patrol: The Mighty Movie,,2
Taiwan,TW,2025-08-10,Films,9,Flightplan,,2
Taiwan,TW,2025-08-10,Films,10,Birth/Rebirth,,1
Taiwan,TW,2025-08-03,Films,1,KPop Demon Hunters,,7
Taiwan,TW,2025-08-03,Films,2,Happy Gilmore 2,,2
Taiwan,TW,2025-08-03,Films,3,The Last Voyage of the Demeter,,1
Taiwan,TW,2025-08-03,Films,4,My Oxford Year,,1
Taiwan,TW,2025-08-03,Films,5,Wall to Wall,,3
Taiwan,TW,2025-08-03,Films,6,PAW Patrol: The Mighty Movie,,1
Taiwan,TW,2025-08-03,Films,7,The Northman,,1
Taiwan,TW,2025-08-03,Films,8,OVERLORD:The Sacred Kingdom,,1
Taiwan,TW,2025-08-03,Films,9,The Super Mario Bros. Movie,,10
Taiwan,TW,2025-08-03,Films,10,Flightplan,,1
Taiwan,TW,2025-07-27,Films,1,KPop Demon Hunters,,6
Taiwan,TW,2025-07-27,Films,2,Wall to Wall,,2
Taiwan,TW,2025-07-27,Films,3,Brick,,3
Taiwan,TW,2025-07-27,Films,4,Happy Gilmore 2,,1
Taiwan,TW,2025-07-27,Films,5,Detective Conan the Movie: Black Iron Submarine,,4
Taiwan,TW,2025-07-27,Films,6,Ziam,,3
Taiwan,TW,2025-07-27,Films,7,The Old Guard 2,,4
Taiwan,TW,2025-07-27,Films,8,The Super Mario Bros. Movie,,9
Taiwan,TW,2025-07-27,Films,9,Pui Pui Molcar the Movie: MOLMAX,,1
Taiwan,TW,2025-07-27,Films,10,Day Off,,4
Taiwan,TW,2025-07-20,Films,1,KPop Demon Hunters,,5
Taiwan,TW,2025-07-20,Films,2,Wall to Wall,,1
Taiwan,TW,2025-07-20,Films,3,Brick,,2
Taiwan,TW,2025-07-20,Films,4,Ziam,,2
Taiwan,TW,2025-07-20,Films,5,Day Off,,3
Taiwan,TW,2025-07-20,Films,6,The Old Guard 2,,3
Taiwan,TW,2025-07-20,Films,7,Detective Conan the Movie: Black Iron Submarine,,3
Taiwan,TW,2025-07-20,Films,8,Almost Cops,,1
Taiwan,TW,2025-07-20,Films,9,New Gods: Yang Jian,,3
Taiwan,TW,2025-07-20,Films,10,Ride On,,2
Taiwan,TW,2025-07-13,Films,1,KPop Demon Hunters,,4
Taiwan,TW,2025-07-13,Films,2,Ziam,,1
Taiwan,TW,2025-07-13,Films,3,The Old Guard 2,,2
Taiwan,TW,2025-07-13,Films,4,Day Off,,2
Taiwan,TW,2025-07-13,Films,5,Brick,,1
Taiwan,TW,2025-07-13,Films,6,Detective Conan the Movie: Black Iron Submarine,,2
Taiwan,TW,2025-07-13,Films,7,Oppenheimer,,1
Taiwan,TW,2025-07-13,Films,8,New Gods: Yang Jian,,2
Taiwan,TW,2025-07-13,Films,9,The Old Guard,,2
Taiwan,TW,2025-07-13,Films,10,Ride On,,1
Taiwan,TW,2025-07-06,Films,1,KPop Demon Hunters,,3
Taiwan,TW,2025-07-06,Films,2,The Old Guard 2,,1
Taiwan,TW,2025-07-06,Films,3,Detective Conan the Movie: Black Iron Submarine,,1
Taiwan,TW,2025-07-06,Films,4,Day Off,,1
Taiwan,TW,2025-07-06,Films,5,The Old Guard,,1
Taiwan,TW,2025-07-06,Films,6,U MotherbakerâThe Movie,,1
Taiwan,TW,2025-07-06,Films,7,Flying Swords of Dragon Gate,,1
Taiwan,TW,2025-07-06,Films,8,New Gods: Yang Jian,,1
Taiwan,TW,2025-07-06,Films,9,All You Need Is Love,,1
Taiwan,TW,2025-07-06,Films,10,Mission: Impossible - Dead Reckoning,,5
Taiwan,TW,2025-06-29,Films,1,KPop Demon Hunters,,2
Taiwan,TW,2025-06-29,Films,2,Mission: Impossible - Dead Reckoning,,4
Taiwan,TW,2025-06-29,Films,3,The Fate of the Furious,,1
Taiwan,TW,2025-06-29,Films,4,28 Weeks Later,,2
Taiwan,TW,2025-06-29,Films,5,Trainwreck: Poop Cruise,,1
Taiwan,TW,2025-06-29,Films,6,The Super Mario Bros. Movie,,8
Taiwan,TW,2025-06-29,Films,7,Copycat,,2
Taiwan,TW,2025-06-29,Films,8,GATAO: Like Father Like Son,,9
Taiwan,TW,2025-06-29,Films,9,Bullet Train Explosion,,10
Taiwan,TW,2025-06-29,Films,10,STRAW,,4
Taiwan,TW,2025-06-22,Films,1,Mission: Impossible - Dead Reckoning,,3
Taiwan,TW,2025-06-22,Films,2,KPop Demon Hunters,,1
Taiwan,TW,2025-06-22,Films,3,STRAW,,3
Taiwan,TW,2025-06-22,Films,4,28 Weeks Later,,1
Taiwan,TW,2025-06-22,Films,5,Cells At Work!,,2
Taiwan,TW,2025-06-22,Films,6,K.O.,,3
Taiwan,TW,2025-06-22,Films,7,Copycat,,1
Taiwan,TW,2025-06-22,Films,8,GATAO: Like Father Like Son,,8
Taiwan,TW,2025-06-22,Films,9,Bullet Train Explosion,,9
Taiwan,TW,2025-06-22,Films,10,Maid in Manhattan,,2
Taiwan,TW,2025-06-15,Films,1,Mission: Impossible - Dead Reckoning,,2
Taiwan,TW,2025-06-15,Films,2,STRAW,,2
Taiwan,TW,2025-06-15,Films,3,K.O.,,2
Taiwan,TW,2025-06-15,Films,4,Cells At Work!,,1
Taiwan,TW,2025-06-15,Films,5,Titan: The OceanGate Submersible Disaster,,1
Taiwan,TW,2025-06-15,Films,6,Jaat,,1
Taiwan,TW,2025-06-15,Films,7,Maid in Manhattan,,1
Taiwan,TW,2025-06-15,Films,8,GATAO: Like Father Like Son,,7
Taiwan,TW,2025-06-15,Films,9,Bullet Train Explosion,,8
Taiwan,TW,2025-06-15,Films,10,Our Times,,1
Taiwan,TW,2025-06-08,Films,1,Mission: Impossible - Dead Reckoning,,1
Taiwan,TW,2025-06-08,Films,2,A Widow's Game,,2
Taiwan,TW,2025-06-08,Films,3,Love in Taipei,,1
Taiwan,TW,2025-06-08,Films,4,K.O.,,1
Taiwan,TW,2025-06-08,Films,5,GATAO: Like Father Like Son,,6
Taiwan,TW,2025-06-08,Films,6,The Heart Knows,,1
Taiwan,TW,2025-06-08,Films,7,Bullet Train Explosion,,7
Taiwan,TW,2025-06-08,Films,8,STRAW,,1
Taiwan,TW,2025-06-08,Films,9,8MM,,1
Taiwan,TW,2025-06-08,Films,10,Lost in Starlight,,2
Taiwan,TW,2025-06-01,Films,1,GATAO: Like Father Like Son,,5
Taiwan,TW,2025-06-01,Films,2,A Widow's Game,,1
Taiwan,TW,2025-06-01,Films,3,Bullet Train Explosion,,6
Taiwan,TW,2025-06-01,Films,4,Fear Street: Prom Queen,,1
Taiwan,TW,2025-06-01,Films,5,Exterritorial,,5
Taiwan,TW,2025-06-01,Films,6,The Match,,4
Taiwan,TW,2025-06-01,Films,7,Detective Conan the Movie: The Darkest Nightmare,,2
Taiwan,TW,2025-06-01,Films,8,The Super Mario Bros. Movie,,7
Taiwan,TW,2025-06-01,Films,9,Lost in Starlight,,1
Taiwan,TW,2025-06-01,Films,10,Sikandar,,1
Taiwan,TW,2025-05-25,Films,1,GATAO: Like Father Like Son,,4
Taiwan,TW,2025-05-25,Films,2,1992,,2
Taiwan,TW,2025-05-25,Films,3,Bullet Train Explosion,,5
Taiwan,TW,2025-05-25,Films,4,Detective Conan the Movie: The Darkest Nightmare,,1
Taiwan,TW,2025-05-25,Films,5,The Match,,3
Taiwan,TW,2025-05-25,Films,6,Sunset Sunrise,,1
Taiwan,TW,2025-05-25,Films,7,Detective Conan the Movie: Quarter of Silence,,1
Taiwan,TW,2025-05-25,Films,8,Detective Conan the Movie: Raven Chaser,,1
Taiwan,TW,2025-05-25,Films,9,Exterritorial,,4
Taiwan,TW,2025-05-25,Films,10,Detective Conan : Full Score of Fear,,1
Taiwan,TW,2025-05-18,Films,1,GATAO: Like Father Like Son,,3
Taiwan,TW,2025-05-18,Films,2,The Match,,2
Taiwan,TW,2025-05-18,Films,3,Exterritorial,,3
Taiwan,TW,2025-05-18,Films,4,Nonnas,,1
Taiwan,TW,2025-05-18,Films,5,Bullet Train Explosion,,4
Taiwan,TW,2025-05-18,Films,6,1992,,1
Taiwan,TW,2025-05-18,Films,7,Last Bullet,,2
Taiwan,TW,2025-05-18,Films,8,Inside Man: Most Wanted,,2
Taiwan,TW,2025-05-18,Films,9,Detective Conan the Movie: The Phantom of Baker Street,,3
Taiwan,TW,2025-05-18,Films,10,Gatao,,4
Taiwan,TW,2025-05-11,Films,1,GATAO: Like Father Like Son,,2
Taiwan,TW,2025-05-11,Films,2,The Match,,1
Taiwan,TW,2025-05-11,Films,3,Exterritorial,,2
Taiwan,TW,2025-05-11,Films,4,Inside Man: Most Wanted,,1
Taiwan,TW,2025-05-11,Films,5,Bullet Train Explosion,,3
Taiwan,TW,2025-05-11,Films,6,Last Bullet,,1
Taiwan,TW,2025-05-11,Films,7,Detective Conan the Movie: The Phantom of Baker Street,,2
Taiwan,TW,2025-05-11,Films,8,Gatao,,3
Taiwan,TW,2025-05-11,Films,9,Detective Conan the Movie: The Fist of Blue Sapphire,,2
Taiwan,TW,2025-05-11,Films,10,Gatao - The Last Stray,,3
Taiwan,TW,2025-05-04,Films,1,GATAO: Like Father Like Son,,1
Taiwan,TW,2025-05-04,Films,2,Bullet Train Explosion,,2
Taiwan,TW,2025-05-04,Films,3,Exterritorial,,1
Taiwan,TW,2025-05-04,Films,4,Havoc,,2
Taiwan,TW,2025-05-04,Films,5,Money Games,,1
Taiwan,TW,2025-05-04,Films,6,Detective Conan the Movie: The Phantom of Baker Street,,1
Taiwan,TW,2025-05-04,Films,7,The Rose of Versailles,,1
Taiwan,TW,2025-05-04,Films,8,Detective Conan the Movie: The Fist of Blue Sapphire,,1
Taiwan,TW,2025-05-04,Films,9,Kill 'Em All 2,,1
Taiwan,TW,2025-05-04,Films,10,iHostage,,3
Taiwan,TW,2025-04-27,Films,1,Bullet Train Explosion,,1
Taiwan,TW,2025-04-27,Films,2,iHostage,,2
Taiwan,TW,2025-04-27,Films,3,Havoc,,1
Taiwan,TW,2025-04-27,Films,4,My Hero Academia: You're Next,,1
Taiwan,TW,2025-04-27,Films,5,Life or Something Like It,,1
Taiwan,TW,2025-04-27,Films,6,Twilight of the Warriors: Walled In,,4
Taiwan,TW,2025-04-27,Films,7,Detective Conan the Movie: Dimensional Sniper,,2
Taiwan,TW,2025-04-27,Films,8,Detective Conan : The Private Eyes' Requiem,,1
Taiwan,TW,2025-04-27,Films,9,Detective Conan the Movie: The Bride of Halloween,,4
Taiwan,TW,2025-04-27,Films,10,Detective Conan the Movie: Private Eye in the Distant Sea,,2
Taiwan,TW,2025-04-20,Films,1,Twilight of the Warriors: Walled In,,3
Taiwan,TW,2025-04-20,Films,2,iHostage,,1
Taiwan,TW,2025-04-20,Films,3,Detective Conan the Movie: The Bride of Halloween,,3
Taiwan,TW,2025-04-20,Films,4,Dead Talents Society,,4
Taiwan,TW,2025-04-20,Films,5,The Life List,,4
Taiwan,TW,2025-04-20,Films,6,Fast X,,4
Taiwan,TW,2025-04-20,Films,7,Detective Conan the Movie: Dimensional Sniper,,1
Taiwan,TW,2025-04-20,Films,8,Detective Conan the Movie: Private Eye in the Distant Sea,,1
Taiwan,TW,2025-04-20,Films,9,Kraven the Hunter,,4
Taiwan,TW,2025-04-20,Films,10,The First Slam Dunk,,3
Taiwan,TW,2025-04-13,Films,1,Twilight of the Warriors: Walled In,,2
Taiwan,TW,2025-04-13,Films,2,Detective Conan the Movie: The Bride of Halloween,,2
Taiwan,TW,2025-04-13,Films,3,Dead Talents Society,,3
Taiwan,TW,2025-04-13,Films,4,The First Slam Dunk,,2
Taiwan,TW,2025-04-13,Films,5,The Life List,,3
Taiwan,TW,2025-04-13,Films,6,Fast X,,3
Taiwan,TW,2025-04-13,Films,7,404,,1
Taiwan,TW,2025-04-13,Films,8,Transformers: Rise of the Beasts,,3
Taiwan,TW,2025-04-13,Films,9,Kraven the Hunter,,3
Taiwan,TW,2025-04-13,Films,10,Detective Conan the Movie: Crossroad in the Ancient Capital,,1
Taiwan,TW,2025-04-06,Films,1,Twilight of the Warriors: Walled In,,1
Taiwan,TW,2025-04-06,Films,2,The First Slam Dunk,,1
Taiwan,TW,2025-04-06,Films,3,Dead Talents Society,,2
Taiwan,TW,2025-04-06,Films,4,Fast X,,2
Taiwan,TW,2025-04-06,Films,5,The Life List,,2
Taiwan,TW,2025-04-06,Films,6,Kraven the Hunter,,2
Taiwan,TW,2025-04-06,Films,7,Transformers: Rise of the Beasts,,2
Taiwan,TW,2025-04-06,Films,8,Detective Conan the Movie: The Bride of Halloween,,1
Taiwan,TW,2025-04-06,Films,9,Revelations,,3
Taiwan,TW,2025-04-06,Films,10,Jules,,1
Taiwan,TW,2025-03-30,Films,1,Dead Talents Society,,1
Taiwan,TW,2025-03-30,Films,2,Kraven the Hunter,,1
Taiwan,TW,2025-03-30,Films,3,Transformers: Rise of the Beasts,,1
Taiwan,TW,2025-03-30,Films,4,Fast X,,1
Taiwan,TW,2025-03-30,Films,5,Revelations,,2
Taiwan,TW,2025-03-30,Films,6,The Life List,,1
Taiwan,TW,2025-03-30,Films,7,In Youth We Trust,,2
Taiwan,TW,2025-03-30,Films,8,Big World,,2
Taiwan,TW,2025-03-30,Films,9,The Electric State,,3
Taiwan,TW,2025-03-30,Films,10,The Super Mario Bros. Movie,,6
Taiwan,TW,2025-03-23,Films,1,The Electric State,,2
Taiwan,TW,2025-03-23,Films,2,Revelations,,1
Taiwan,TW,2025-03-23,Films,3,Big World,,1
Taiwan,TW,2025-03-23,Films,4,The Super Mario Bros. Movie,,5
Taiwan,TW,2025-03-23,Films,5,Venom: The Last Dance,,4
Taiwan,TW,2025-03-23,Films,6,Renfield,,1
Taiwan,TW,2025-03-23,Films,7,The Twister: Caught in the Storm,,1
Taiwan,TW,2025-03-23,Films,8,In Youth We Trust,,1
Taiwan,TW,2025-03-23,Films,9,Demon City,,4
Taiwan,TW,2025-03-23,Films,10,Ajoomma,,3
Taiwan,TW,2025-03-16,Films,1,The Electric State,,1
Taiwan,TW,2025-03-16,Films,2,Ajoomma,,2
Taiwan,TW,2025-03-16,Films,3,Venom: The Last Dance,,3
Taiwan,TW,2025-03-16,Films,4,Demon City,,3
Taiwan,TW,2025-03-16,Films,5,Delicious,,1
Taiwan,TW,2025-03-16,Films,6,The Super Mario Bros. Movie,,4
Taiwan,TW,2025-03-16,Films,7,Post Truth,,2
Taiwan,TW,2025-03-16,Films,8,Counterattack,,3
Taiwan,TW,2025-03-16,Films,9,Plankton: The Movie,,2
Taiwan,TW,2025-03-16,Films,10,The Other Boleyn Girl,,1
Taiwan,TW,2025-03-09,Films,1,Demon City,,2
Taiwan,TW,2025-03-09,Films,2,Venom: The Last Dance,,2
Taiwan,TW,2025-03-09,Films,3,Counterattack,,2
Taiwan,TW,2025-03-09,Films,4,The Super Mario Bros. Movie,,3
Taiwan,TW,2025-03-09,Films,5,Squad 36,,2
Taiwan,TW,2025-03-09,Films,6,See You at the Rally,,2
Taiwan,TW,2025-03-09,Films,7,Ajoomma,,1
Taiwan,TW,2025-03-09,Films,8,11 Rebels,,1
Taiwan,TW,2025-03-09,Films,9,Plankton: The Movie,,1
Taiwan,TW,2025-03-09,Films,10,Post Truth,,1
Taiwan,TW,2025-03-02,Films,1,Venom: The Last Dance,,1
Taiwan,TW,2025-03-02,Films,2,The Super Mario Bros. Movie,,2
Taiwan,TW,2025-03-02,Films,3,Demon City,,1
Taiwan,TW,2025-03-02,Films,4,Larry Crowne,,2
Taiwan,TW,2025-03-02,Films,5,Counterattack,,1
Taiwan,TW,2025-03-02,Films,6,Creation of the Gods I: Kingdom of Storms,,5
Taiwan,TW,2025-03-02,Films,7,Squad 36,,1
Taiwan,TW,2025-03-02,Films,8,See You at the Rally,,1
Taiwan,TW,2025-03-02,Films,9,Fifty Shades Freed,,2
Taiwan,TW,2025-03-02,Films,10,BogotÃ¡: City of the Lost,,4
Taiwan,TW,2025-02-23,Films,1,The Super Mario Bros. Movie,,1
Taiwan,TW,2025-02-23,Films,2,La Dolce Villa,,2
Taiwan,TW,2025-02-23,Films,3,Creation of the Gods I: Kingdom of Storms,,4
Taiwan,TW,2025-02-23,Films,4,BogotÃ¡: City of the Lost,,3
Taiwan,TW,2025-02-23,Films,5,Honeymoon Crasher,,1
Taiwan,TW,2025-02-23,Films,6,Larry Crowne,,1
Taiwan,TW,2025-02-23,Films,7,Fifty Shades Freed,,1
Taiwan,TW,2025-02-23,Films,8,The Most Beautiful Girl in the World,,1
Taiwan,TW,2025-02-23,Films,9,Back in Action,,6
Taiwan,TW,2025-02-23,Films,10,Dhoom Dhaam,,1
Taiwan,TW,2025-02-16,Films,1,BogotÃ¡: City of the Lost,,2
Taiwan,TW,2025-02-16,Films,2,Creation of the Gods I: Kingdom of Storms,,3
Taiwan,TW,2025-02-16,Films,3,La Dolce Villa,,1
Taiwan,TW,2025-02-16,Films,4,Death Whisperer 2,,2
Taiwan,TW,2025-02-16,Films,5,Back in Action,,5
Taiwan,TW,2025-02-16,Films,6,Kinda Pregnant,,2
Taiwan,TW,2025-02-16,Films,7,The Witcher: Sirens of the Deep,,1
Taiwan,TW,2025-02-16,Films,8,Cocaine Bear,,2
Taiwan,TW,2025-02-16,Films,9,A Wedding Invitation,,2
Taiwan,TW,2025-02-16,Films,10,"Hello, Love, Again",,1
Taiwan,TW,2025-02-09,Films,1,BogotÃ¡: City of the Lost,,1
Taiwan,TW,2025-02-09,Films,2,Creation of the Gods I: Kingdom of Storms,,2
Taiwan,TW,2025-02-09,Films,3,Back in Action,,4
Taiwan,TW,2025-02-09,Films,4,Faceless,,2
Taiwan,TW,2025-02-09,Films,5,A Wedding Invitation,,1
Taiwan,TW,2025-02-09,Films,6,Death Whisperer 2,,1
Taiwan,TW,2025-02-09,Films,7,Kinda Pregnant,,1
Taiwan,TW,2025-02-09,Films,8,Cocaine Bear,,1
Taiwan,TW,2025-02-09,Films,9,Suffocating Love,,6
Taiwan,TW,2025-02-09,Films,10,No More Bets,,10
Taiwan,TW,2025-02-02,Films,1,Creation of the Gods I: Kingdom of Storms,,1
Taiwan,TW,2025-02-02,Films,2,Back in Action,,3
Taiwan,TW,2025-02-02,Films,3,Suffocating Love,,5
Taiwan,TW,2025-02-02,Films,4,No More Bets,,9
Taiwan,TW,2025-02-02,Films,5,Ad Vitam,,4
Taiwan,TW,2025-02-02,Films,6,The Sentinel,,1
Taiwan,TW,2025-02-02,Films,7,Faceless,,1
Taiwan,TW,2025-02-02,Films,8,The Secret Life of Pets 2,,4
Taiwan,TW,2025-02-02,Films,9,I Am the Secret in Your Heart,,5
Taiwan,TW,2025-02-02,Films,10,How To Make Millions Before Grandma Dies,,7
Taiwan,TW,2025-01-26,Films,1,Back in Action,,2
Taiwan,TW,2025-01-26,Films,2,Suffocating Love,,4
Taiwan,TW,2025-01-26,Films,3,Ad Vitam,,3
Taiwan,TW,2025-01-26,Films,4,Black Sea,,1
Taiwan,TW,2025-01-26,Films,5,I Am the Secret in Your Heart,,4
Taiwan,TW,2025-01-26,Films,6,The Secret Life of Pets 2,,3
Taiwan,TW,2025-01-26,Films,7,Late Night with the Devil,,1
Taiwan,TW,2025-01-26,Films,8,Kingdom: Return of The Great General,,2
Taiwan,TW,2025-01-26,Films,9,No More Bets,,8
Taiwan,TW,2025-01-26,Films,10,Scent of a Woman,,1
Taiwan,TW,2025-01-19,Films,1,Back in Action,,1
Taiwan,TW,2025-01-19,Films,2,Ad Vitam,,2
Taiwan,TW,2025-01-19,Films,3,Suffocating Love,,3
Taiwan,TW,2025-01-19,Films,4,I Am the Secret in Your Heart,,3
Taiwan,TW,2025-01-19,Films,5,Kingdom: Return of The Great General,,1
Taiwan,TW,2025-01-19,Films,6,The Secret Life of Pets 2,,2
Taiwan,TW,2025-01-19,Films,7,Meg 2: The Trench,,4
Taiwan,TW,2025-01-19,Films,8,How To Make Millions Before Grandma Dies,,6
Taiwan,TW,2025-01-19,Films,9,Carry-On,,6
Taiwan,TW,2025-01-19,Films,10,Knight and Day,,2
Taiwan,TW,2025-01-12,Films,1,Suffocating Love,,2
Taiwan,TW,2025-01-12,Films,2,I Am the Secret in Your Heart,,2
Taiwan,TW,2025-01-12,Films,3,Ad Vitam,,1
Taiwan,TW,2025-01-12,Films,4,Meg 2: The Trench,,3
Taiwan,TW,2025-01-12,Films,5,Carry-On,,5
Taiwan,TW,2025-01-12,Films,6,How To Make Millions Before Grandma Dies,,5
Taiwan,TW,2025-01-12,Films,7,The Secret Life of Pets 2,,1
Taiwan,TW,2025-01-12,Films,8,Spy x Family Code: White,,3
Taiwan,TW,2025-01-12,Films,9,It Ends With Us,,3
Taiwan,TW,2025-01-12,Films,10,Knock at the Cabin,,2
Taiwan,TW,2025-01-05,Films,1,Suffocating Love,,1
Taiwan,TW,2025-01-05,Films,2,Meg 2: The Trench,,2
Taiwan,TW,2025-01-05,Films,3,I Am the Secret in Your Heart,,1
Taiwan,TW,2025-01-05,Films,4,Carry-On,,4
Taiwan,TW,2025-01-05,Films,5,It Ends With Us,,2
Taiwan,TW,2025-01-05,Films,6,Spy x Family Code: White,,2
Taiwan,TW,2025-01-05,Films,7,How To Make Millions Before Grandma Dies,,4
Taiwan,TW,2025-01-05,Films,8,Dungeons & Dragons: Honor Among Thieves,,3
Taiwan,TW,2025-01-05,Films,9,Knock at the Cabin,,1
Taiwan,TW,2025-01-05,Films,10,The Six Triple Eight,,3
